TransNumber,Name,Date,Product,Units,Dollars,Location,
10,Betsy,8/7/2006,lip gloss,24, $73.50 ,east,
11,Ashley,11/29/2004,mascara,43, $130.84 ,east,
15,Zaret,9/20/2006,foundation,-8, $(21.99),east,
16,Emilee,4/12/2004,mascara,45, $137.39 ,east,
45,Emilee,9/20/2006,lip gloss,2, $7.85 ,east,
46,Ashley,8/9/2005,mascara,93, $280.69 ,east,
58,Cristina,4/12/2004,foundation,34, $104.09 ,east,
60,Jen,10/27/2004,mascara,89, $269.09 ,east,
69,Cristina,1/23/2005,eye liner,73, $221.41 ,east,
77,Cristina,1/15/2004,mascara,27, $83.29 ,east,
81,Jen,1/10/2006,lip gloss,69, $208.69 ,east,
86,Jen,8/9/2005,eye liner,-2, $(4.24),east,
87,Emilee,8/31/2005,eye liner,5, $17.03 ,east,
98,Jen,4/12/2004,lip gloss,92, $277.54 ,east,
108,Cici,8/31/2005,lip gloss,-10, $(28.41),east,
114,Betsy,9/22/2005,lipstick,77, $233.33 ,east,
116,Zaret,6/24/2006,eye liner,22, $68.07 ,east,
119,Colleen,5/22/2006,eye liner,20, $62.37 ,east,
131,Jen,11/29/2004,mascara,56, $168.87 ,east,
133,Betsy,7/9/2004,mascara,11, $34.42 ,east,
140,Jen,6/28/2004,eye liner,80, $242.50 ,east,
145,Cici,9/24/2004,mascara,89, $269.40 ,east,
147,Emilee,3/8/2005,lipstick,90, $271.75 ,east,
149,Cici,3/8/2005,lipstick,37, $113.65 ,east,
164,Hallagan,10/12/2006,eye liner,16, $49.92 ,east,
165,Hallagan,12/19/2005,foundation,25, $76.99 ,east,
169,Ashley,2/17/2004,lip gloss,63, $191.11 ,east,
178,Ashley,12/19/2005,mascara,19, $58.36 ,east,
180,Colleen,5/26/2004,lipstick,60, $182.02 ,east,
186,Betsy,11/25/2006,mascara,74, $223.88 ,east,
196,Jen,3/19/2005,eye liner,5, $16.35 ,east,
197,Colleen,2/6/2004,mascara,-5, $(12.90),east,
201,Cici,6/26/2005,eye liner,21, $64.86 ,east,
207,Colleen,2/6/2004,mascara,60, $181.94 ,east,
212,Colleen,5/11/2006,foundation,31, $95.13 ,east,
215,Betsy,1/1/2005,lipstick,51, $154.60 ,east,
216,Hallagan,2/23/2006,mascara,1, $5.39 ,east,
219,Colleen,2/3/2005,foundation,41, $125.23 ,east,
234,Emilee,11/7/2004,mascara,59, $178.93 ,east,
237,Cristina,9/24/2004,eye liner,-4, $(9.99),east,
239,Cici,10/1/2006,lip gloss,43, $131.68 ,east,
244,Cristina,2/25/2005,eye liner,8, $25.55 ,east,
245,Cici,7/9/2004,mascara,5, $17.20 ,east,
247,Betsy,11/14/2006,mascara,36, $110.34 ,east,
249,Betsy,3/19/2005,mascara,7, $23.13 ,east,
250,Colleen,11/3/2006,mascara,64, $194.25 ,east,
252,Ashley,4/10/2005,eye liner,41, $124.81 ,east,
253,Ashley,9/24/2004,foundation,84, $253.29 ,east,
254,Emilee,3/30/2005,eye liner,3, $10.70 ,east,
257,Hallagan,7/7/2005,mascara,10, $32.47 ,east,
268,Cristina,11/7/2004,eye liner,1, $4.77 ,east,
269,Cristina,6/15/2005,foundation,26, $80.01 ,east,
271,Hallagan,5/2/2005,eye liner,74, $224.75 ,east,
279,Cici,5/15/2004,foundation,63, $191.09 ,east,
280,Jen,10/1/2006,lip gloss,67, $203.11 ,east,
281,Cristina,7/29/2005,eye liner,3, $10.78 ,east,
282,Hallagan,12/10/2004,eye liner,65, $197.41 ,east,
288,Ashley,9/11/2005,lipstick,-8, $(21.91),east,
297,Betsy,3/6/2006,foundation,71, $215.16 ,east,
301,Zaret,4/21/2005,lip gloss,60, $182.21 ,east,
306,Zaret,2/25/2005,foundation,-7, $(18.78),east,
308,Cici,5/15/2004,lip gloss,7, $23.39 ,east,
311,Betsy,2/28/2004,lip gloss,43, $130.97 ,east,
316,Cristina,11/5/2005,mascara,6, $20.10 ,east,
317,Cristina,1/15/2004,eye liner,0, $1.61 ,east,
318,Jen,10/16/2004,eye liner,20, $61.99 ,east,
320,Jen,5/15/2004,eye liner,94, $283.88 ,east,
322,Jen,6/26/2005,mascara,27, $83.64 ,east,
324,Emilee,9/20/2006,foundation,84, $254.39 ,east,
332,Cristina,11/3/2006,foundation,13, $40.18 ,east,
342,Cristina,12/17/2006,lip gloss,37, $113.12 ,east,
343,Colleen,2/14/2005,lipstick,15, $46.64 ,east,
352,Colleen,1/12/2005,eye liner,85, $256.97 ,east,
356,Ashley,8/29/2006,eye liner,76, $229.58 ,east,
357,Ashley,6/15/2005,lip gloss,31, $95.41 ,east,
361,Cristina,11/29/2004,foundation,-4, $(9.45),east,
366,Emilee,10/14/2005,lip gloss,-9, $(24.54),east,
369,Hallagan,2/28/2004,foundation,20, $61.68 ,east,
374,Hallagan,8/18/2006,mascara,89, $268.48 ,east,
378,Emilee,2/23/2006,eye liner,76, $229.89 ,east,
383,Jen,6/26/2005,eye liner,35, $107.05 ,east,
393,Betsy,4/1/2004,lip gloss,37, $112.54 ,east,
400,Colleen,2/14/2005,foundation,36, $110.39 ,east,
409,Betsy,10/16/2004,mascara,74, $224.04 ,east,
416,Zaret,7/7/2005,eye liner,2, $8.54 ,east,
417,Cristina,10/3/2005,foundation,-9, $(25.92),east,
420,Hallagan,11/29/2004,foundation,79, $239.22 ,east,
423,Jen,2/12/2006,foundation,-10, $(26.97),east,
425,Colleen,1/23/2005,foundation,17, $53.57 ,east,
431,Ashley,5/11/2006,foundation,8, $25.12 ,east,
436,Betsy,2/28/2004,eye liner,22, $67.51 ,east,
442,Cici,1/26/2004,foundation,19, $59.62 ,east,
448,Cici,1/15/2004,mascara,4, $14.17 ,east,
449,Ashley,6/6/2004,eye liner,81, $244.97 ,east,
452,Zaret,5/4/2004,lip gloss,48, $145.85 ,east,
454,Jen,6/17/2004,lip gloss,32, $98.37 ,east,
457,Jen,3/6/2006,mascara,63, $190.84 ,east,
460,Colleen,4/23/2004,mascara,74, $224.18 ,east,
462,Cristina,2/28/2004,lip gloss,63, $191.19 ,east,
468,Cici,6/26/2005,mascara,22, $68.36 ,east,
470,Betsy,10/5/2004,foundation,29, $88.71 ,east,
476,Ashley,9/9/2006,foundation,12, $37.69 ,east,
479,Emilee,5/24/2005,foundation,2, $7.68 ,east,
480,Zaret,5/22/2006,lipstick,10, $31.79 ,east,
483,Cici,10/12/2006,mascara,91, $274.92 ,east,
484,Jen,7/5/2006,lip gloss,12, $37.88 ,east,
495,Jen,2/23/2006,mascara,90, $271.34 ,east,
497,Betsy,5/13/2005,mascara,64, $193.98 ,east,
498,Zaret,3/6/2006,eye liner,79, $238.61 ,east,
501,Colleen,10/12/2006,lip gloss,-10, $(28.51),east,
504,Colleen,12/21/2004,mascara,86, $259.65 ,east,
505,Cristina,6/28/2004,eye liner,-6, $(16.60),east,
509,Jen,3/19/2005,lipstick,6, $20.04 ,east,
510,Zaret,2/28/2004,eye liner,4, $14.01 ,east,
515,Jen,2/17/2004,lipstick,67, $202.62 ,east,
526,Betsy,1/26/2004,lip gloss,73, $221.29 ,east,
528,Zaret,6/24/2006,mascara,11, $35.72 ,east,
534,Zaret,11/25/2006,eye liner,38, $116.04 ,east,
535,Cristina,8/20/2005,lip gloss,82, $248.05 ,east,
538,Hallagan,8/11/2004,eye liner,50, $151.87 ,east,
539,Colleen,4/1/2004,lipstick,7, $22.96 ,east,
540,Ashley,3/19/2005,lip gloss,50, $151.36 ,east,
542,Jen,2/25/2005,foundation,37, $112.83 ,east,
543,Zaret,9/2/2004,mascara,58, $176.61 ,east,
547,Betsy,10/1/2006,lipstick,63, $190.59 ,east,
552,Cristina,11/29/2004,lipstick,10, $32.07 ,east,
553,Zaret,12/17/2006,mascara,19, $58.97 ,east,
556,Jen,4/30/2006,eye liner,46, $139.41 ,east,
559,Jen,9/9/2006,eye liner,86, $260.39 ,east,
571,Hallagan,7/27/2006,lipstick,60, $182.29 ,east,
578,Hallagan,11/7/2004,lip gloss,7, $23.19 ,east,
583,Cici,11/16/2005,lip gloss,0, $2.52 ,east,
587,Ashley,6/4/2005,eye liner,39, $119.91 ,east,
593,Emilee,1/15/2004,foundation,94, $284.61 ,east,
598,Hallagan,12/6/2006,eye liner,14, $43.76 ,east,
599,Cici,11/3/2006,foundation,33, $100.55 ,east,
605,Colleen,10/3/2005,mascara,94, $284.25 ,east,
608,Colleen,9/24/2004,foundation,58, $176.00 ,east,
610,Zaret,9/11/2005,eye liner,50, $151.12 ,east,
613,Ashley,7/27/2006,mascara,17, $53.69 ,east,
638,Hallagan,7/31/2004,mascara,94, $283.88 ,east,
639,Jen,7/29/2005,mascara,70, $212.27 ,east,
659,Zaret,7/9/2004,eye liner,25, $76.38 ,east,
660,Zaret,3/30/2005,eye liner,11, $35.75 ,east,
663,Hallagan,11/14/2006,eye liner,27, $82.45 ,east,
672,Jen,11/27/2005,mascara,-1, $(0.61),east,
673,Hallagan,3/17/2006,eye liner,26, $81.09 ,east,
676,Hallagan,2/6/2004,lipstick,8, $25.64 ,east,
678,Jen,2/3/2005,foundation,79, $239.48 ,east,
680,Cristina,10/12/2006,lip gloss,22, $68.81 ,east,
697,Jen,3/6/2006,lipstick,36, $110.26 ,east,
699,Emilee,4/30/2006,eye liner,84, $253.68 ,east,
700,Cristina,3/21/2004,lip gloss,38, $115.77 ,east,
701,Betsy,5/26/2004,lip gloss,13, $40.47 ,east,
704,Cici,7/31/2004,eye liner,11, $35.11 ,east,
706,Ashley,3/10/2004,lip gloss,32, $98.62 ,east,
708,Ashley,1/23/2005,lipstick,71, $215.14 ,east,
713,Betsy,12/6/2006,mascara,50, $152.08 ,east,
715,Jen,6/13/2006,lip gloss,9, $29.39 ,east,
721,Ashley,10/23/2006,lip gloss,40, $121.83 ,east,
722,Cristina,1/15/2004,eye liner,75, $226.99 ,east,
739,Hallagan,1/23/2005,lip gloss,56, $170.12 ,east,
743,Colleen,7/7/2005,foundation,8, $25.81 ,east,
747,Betsy,4/19/2006,foundation,83, $251.06 ,east,
752,Colleen,10/25/2005,lip gloss,-5, $(12.57),east,
757,Betsy,11/29/2004,eye liner,-10, $(27.90),east,
759,Cici,10/25/2005,mascara,52, $157.73 ,east,
763,Emilee,5/11/2006,mascara,84, $254.26 ,east,
768,Colleen,6/26/2005,mascara,-1, $(1.43),east,
769,Jen,1/23/2005,lipstick,12, $37.85 ,east,
770,Colleen,3/21/2004,lipstick,25, $76.81 ,east,
771,Cristina,6/26/2005,mascara,33, $101.42 ,east,
773,Emilee,8/9/2005,eye liner,52, $158.31 ,east,
784,Betsy,10/14/2005,foundation,51, $155.50 ,east,
785,Ashley,4/10/2005,eye liner,92, $278.34 ,east,
790,Cici,11/16/2005,eye liner,11, $34.55 ,east,
792,Colleen,4/12/2004,foundation,36, $110.09 ,east,
794,Hallagan,4/12/2004,lip gloss,39, $119.20 ,east,
797,Zaret,1/1/2005,mascara,47, $142.84 ,east,
801,Cristina,1/10/2006,lip gloss,14, $43.40 ,east,
805,Hallagan,12/8/2005,lip gloss,-1, $(0.39),east,
807,Zaret,1/4/2004,eye liner,67, $203.54 ,east,
811,Emilee,3/21/2004,foundation,76, $229.56 ,east,
815,Colleen,1/21/2006,lip gloss,73, $220.50 ,east,
817,Betsy,4/8/2006,foundation,69, $209.32 ,east,
824,Hallagan,4/1/2004,foundation,76, $230.42 ,east,
829,Colleen,11/14/2006,mascara,77, $233.16 ,east,
832,Zaret,5/22/2006,eye liner,20, $62.21 ,east,
834,Hallagan,1/10/2006,foundation,34, $103.90 ,east,
839,Zaret,2/17/2004,lip gloss,-9, $(24.92),east,
843,Hallagan,3/21/2004,foundation,25, $77.11 ,east,
845,Cici,8/22/2004,eye liner,37, $113.21 ,east,
852,Jen,7/27/2006,lipstick,34, $103.40 ,east,
854,Emilee,5/22/2006,mascara,44, $134.45 ,east,
856,Colleen,4/12/2004,foundation,11, $35.30 ,east,
857,Hallagan,8/22/2004,lip gloss,74, $223.97 ,east,
869,Cici,7/5/2006,eye liner,47, $143.27 ,east,
873,Ashley,11/7/2004,eye liner,41, $124.82 ,east,
881,Emilee,4/10/2005,mascara,45, $137.05 ,east,
884,Zaret,11/16/2005,mascara,-3, $(6.36),east,
887,Jen,3/8/2005,foundation,11, $35.04 ,east,
901,Betsy,12/6/2006,foundation,0, $1.68 ,east,
902,Jen,10/1/2006,foundation,69, $209.14 ,east,
908,Betsy,2/3/2005,foundation,76, $231.13 ,east,
913,Jen,4/21/2005,lip gloss,3, $11.08 ,east,
915,Ashley,6/13/2006,eye liner,25, $76.62 ,east,
917,Zaret,7/16/2006,lip gloss,19, $58.74 ,east,
921,Zaret,4/10/2005,lip gloss,80, $240.69 ,east,
926,Cici,12/19/2005,lip gloss,47, $143.60 ,east,
931,Zaret,10/14/2005,foundation,75, $226.61 ,east,
934,Zaret,4/1/2004,lipstick,57, $173.07 ,east,
938,Ashley,7/20/2004,lip gloss,56, $169.84 ,east,
942,Zaret,2/6/2004,eye liner,32, $97.65 ,east,
943,Jen,1/12/2005,eye liner,85, $256.97 ,east,
948,Ashley,11/25/2006,lip gloss,6, $20.40 ,east,
954,Zaret,11/3/2006,mascara,17, $53.07 ,east,
957,Ashley,12/30/2005,lip gloss,83, $251.09 ,east,
960,Emilee,9/20/2006,lip gloss,53, $160.96 ,east,
965,Betsy,8/31/2005,eye liner,53, $161.24 ,east,
969,Betsy,2/25/2005,lip gloss,35, $107.34 ,east,
972,Cici,2/12/2006,mascara,52, $158.34 ,east,
973,Cici,8/18/2006,mascara,44, $133.42 ,east,
974,Ashley,10/12/2006,lipstick,72, $218.06 ,east,
975,Emilee,9/13/2004,mascara,13, $41.14 ,east,
984,Emilee,12/28/2006,foundation,39, $119.05 ,east,
987,Emilee,5/11/2006,lip gloss,94, $283.58 ,east,
989,Jen,5/15/2004,eye liner,-6, $(17.29),east,
995,Betsy,2/12/2006,lip gloss,24, $74.21 ,east,
998,Emilee,10/3/2005,eye liner,78, $235.69 ,east,
1000,Cristina,5/13/2005,lip gloss,68, $206.87 ,east,
1004,Zaret,4/8/2006,foundation,62, $188.00 ,east,
1007,Cici,4/12/2004,foundation,17, $52.01 ,east,
1008,Ashley,12/8/2005,eye liner,51, $154.87 ,east,
1016,Cici,10/12/2006,eye liner,62, $187.69 ,east,
1018,Zaret,8/22/2004,foundation,55, $166.82 ,east,
1021,Colleen,8/31/2005,foundation,28, $86.32 ,east,
1029,Cici,7/7/2005,lipstick,78, $236.10 ,east,
1031,Cici,2/14/2005,mascara,94, $284.11 ,east,
1035,Emilee,4/10/2005,foundation,8, $26.40 ,east,
1044,Zaret,4/30/2006,eye liner,32, $97.98 ,east,
1049,Colleen,8/11/2004,lip gloss,79, $238.64 ,east,
1056,Betsy,11/18/2004,lip gloss,57, $173.10 ,east,
1057,Colleen,9/24/2004,foundation,63, $190.21 ,east,
1060,Hallagan,3/28/2006,foundation,31, $95.22 ,east,
1061,Cristina,3/10/2004,eye liner,55, $167.33 ,east,
1063,Zaret,4/23/2004,lip gloss,28, $85.46 ,east,
1066,Betsy,3/6/2006,foundation,94, $283.90 ,east,
1067,Jen,3/19/2005,foundation,1, $4.86 ,east,
1074,Betsy,11/14/2006,lip gloss,83, $251.40 ,east,
1076,Jen,6/28/2004,lip gloss,36, $109.96 ,east,
1078,Ashley,8/29/2006,foundation,18, $56.51 ,east,
1081,Cici,4/30/2006,eye liner,51, $154.96 ,east,
1083,Emilee,4/21/2005,eye liner,93, $280.96 ,east,
1096,Emilee,5/4/2004,eye liner,89, $269.23 ,east,
1102,Zaret,11/16/2005,lip gloss,23, $71.30 ,east,
1110,Colleen,3/6/2006,mascara,-1, $(1.45),east,
1111,Ashley,8/31/2005,mascara,24, $74.45 ,east,
1112,Hallagan,2/1/2006,eye liner,80, $241.97 ,east,
1114,Jen,12/30/2005,foundation,1, $5.55 ,east,
1116,Betsy,7/16/2006,mascara,12, $37.33 ,east,
1117,Cici,12/10/2004,eye liner,54, $164.38 ,east,
1123,Cici,3/28/2006,eye liner,53, $161.24 ,east,
1124,Ashley,2/14/2005,mascara,29, $88.93 ,east,
1133,Jen,5/2/2005,eye liner,84, $252.58 ,east,
1140,Ashley,12/17/2006,lip gloss,60, $181.87 ,east,
1143,Zaret,2/1/2006,foundation,66, $199.59 ,east,
1145,Hallagan,12/10/2004,eye liner,65, $197.33 ,east,
1147,Zaret,7/9/2004,lipstick,8, $26.09 ,east,
1148,Ashley,1/10/2006,lipstick,42, $127.87 ,east,
1162,Cici,6/15/2005,foundation,7, $23.19 ,east,
1170,Emilee,9/2/2004,eye liner,2, $7.93 ,east,
1173,Emilee,11/7/2004,eye liner,30, $92.33 ,east,
1175,Jen,8/22/2004,eye liner,73, $221.37 ,east,
1176,Betsy,1/21/2006,lip gloss,28, $86.47 ,east,
1179,Ashley,4/10/2005,lipstick,70, $211.69 ,east,
1182,Colleen,8/22/2004,lip gloss,88, $265.75 ,east,
1183,Emilee,1/1/2005,mascara,39, $119.17 ,east,
1185,Jen,6/24/2006,lip gloss,0, $2.13 ,east,
1188,Betsy,6/13/2006,foundation,76, $229.77 ,east,
1192,Hallagan,2/6/2004,lipstick,40, $122.55 ,east,
1196,Betsy,6/17/2004,lipstick,15, $46.53 ,east,
1197,Cici,9/9/2006,eye liner,39, $118.84 ,east,
1200,Cici,1/21/2006,eye liner,65, $196.95 ,east,
1202,Emilee,5/13/2005,mascara,84, $254.10 ,east,
1206,Jen,7/27/2006,eye liner,80, $242.69 ,east,
1212,Jen,9/2/2004,eye liner,22, $68.44 ,east,
1220,Jen,1/23/2005,mascara,75, $226.88 ,east,
1224,Emilee,1/4/2004,eye liner,-8, $(22.15),east,
1226,Hallagan,8/29/2006,eye liner,55, $167.58 ,east,
1232,Colleen,1/21/2006,lipstick,52, $157.86 ,east,
1238,Jen,9/24/2004,lipstick,92, $277.63 ,east,
1242,Colleen,4/10/2005,eye liner,9, $29.21 ,east,
1244,Emilee,5/4/2004,lip gloss,47, $142.83 ,east,
1249,Betsy,6/24/2006,mascara,42, $128.48 ,east,
1252,Betsy,2/12/2006,mascara,26, $79.50 ,east,
1253,Betsy,12/19/2005,eye liner,52, $158.28 ,east,
1255,Ashley,8/11/2004,mascara,18, $55.68 ,east,
1256,Hallagan,11/25/2006,mascara,87, $263.04 ,east,
1261,Cristina,11/18/2004,foundation,47, $142.41 ,east,
1272,Hallagan,10/25/2005,mascara,-7, $(18.40),east,
1277,Cristina,9/11/2005,foundation,45, $136.96 ,east,
1283,Colleen,1/23/2005,eye liner,23, $70.70 ,east,
1285,Emilee,1/1/2005,eye liner,-2, $(3.45),east,
1288,Ashley,11/29/2004,lipstick,84, $254.12 ,east,
1290,Betsy,7/7/2005,eye liner,95, $286.61 ,east,
1301,Jen,8/18/2006,eye liner,5, $16.87 ,east,
1303,Emilee,12/30/2005,lip gloss,38, $116.03 ,east,
1307,Betsy,2/1/2006,mascara,28, $86.32 ,east,
1308,Zaret,8/29/2006,mascara,39, $119.49 ,east,
1314,Betsy,11/7/2004,lip gloss,88, $265.57 ,east,
1320,Zaret,11/7/2004,mascara,25, $76.65 ,east,
1326,Ashley,11/18/2004,mascara,89, $269.74 ,east,
1330,Cristina,12/28/2006,mascara,9, $29.72 ,east,
1331,Cristina,4/19/2006,foundation,73, $221.18 ,east,
1335,Betsy,4/1/2004,foundation,17, $53.12 ,east,
1338,Ashley,9/9/2006,lipstick,50, $152.31 ,east,
1342,Hallagan,5/11/2006,mascara,21, $65.21 ,east,
1347,Cristina,4/10/2005,eye liner,23, $71.41 ,east,
1349,Betsy,2/17/2004,mascara,56, $170.26 ,east,
1350,Cici,4/19/2006,lip gloss,26, $79.76 ,east,
1367,Betsy,3/17/2006,lip gloss,32, $98.11 ,east,
1374,Cristina,8/29/2006,mascara,9, $29.17 ,east,
1375,Zaret,5/22/2006,foundation,78, $235.64 ,east,
1383,Cristina,8/18/2006,lip gloss,91, $275.50 ,east,
1390,Colleen,2/6/2004,mascara,-7, $(19.44),east,
1404,Betsy,6/15/2005,lip gloss,27, $82.65 ,east,
1407,Ashley,8/18/2006,lip gloss,24, $74.29 ,east,
1409,Zaret,11/18/2004,mascara,10, $31.76 ,east,
1414,Zaret,12/10/2004,foundation,78, $235.91 ,east,
1415,Jen,11/5/2005,mascara,22, $66.97 ,east,
1417,Betsy,10/16/2004,lip gloss,8, $25.82 ,east,
1419,Colleen,5/11/2006,mascara,81, $244.51 ,east,
1420,Zaret,12/21/2004,lip gloss,72, $218.17 ,east,
1429,Hallagan,3/30/2005,lipstick,24, $73.62 ,east,
1432,Zaret,10/23/2006,foundation,0, $1.78 ,east,
1433,Cristina,6/17/2004,mascara,92, $278.65 ,east,
1434,Emilee,10/23/2006,mascara,22, $67.71 ,east,
1441,Zaret,3/17/2006,foundation,93, $280.91 ,east,
1446,Cici,4/1/2004,eye liner,23, $70.71 ,east,
1451,Colleen,10/23/2006,mascara,91, $274.50 ,east,
1454,Colleen,12/21/2004,mascara,17, $52.52 ,east,
1455,Zaret,7/31/2004,eye liner,-7, $(18.92),east,
1458,Zaret,4/19/2006,lipstick,84, $254.27 ,east,
1462,Cici,1/10/2006,foundation,48, $146.42 ,east,
1464,Betsy,7/5/2006,foundation,42, $127.61 ,east,
1467,Jen,1/26/2004,mascara,46, $140.58 ,east,
1469,Ashley,6/4/2005,foundation,53, $160.40 ,east,
1471,Cristina,12/19/2005,mascara,64, $193.30 ,east,
1473,Zaret,4/1/2004,lipstick,33, $101.70 ,east,
1475,Ashley,12/19/2005,lipstick,51, $155.18 ,east,
1476,Cristina,8/18/2006,foundation,-7, $(18.64),east,
1477,Ashley,5/13/2005,eye liner,37, $112.07 ,east,
1493,Betsy,5/22/2006,foundation,13, $41.32 ,east,
1499,Betsy,6/2/2006,lip gloss,48, $146.13 ,east,
1505,Betsy,12/30/2005,foundation,37, $113.24 ,east,
1511,Betsy,11/29/2004,lip gloss,13, $41.74 ,east,
1512,Emilee,11/16/2005,foundation,9, $28.86 ,east,
1520,Hallagan,5/4/2004,foundation,55, $166.78 ,east,
1547,Cici,12/21/2004,eye liner,34, $104.04 ,east,
1550,Cici,12/19/2005,eye liner,45, $137.93 ,east,
1551,Emilee,10/16/2004,lip gloss,26, $80.03 ,east,
1563,Zaret,12/21/2004,eye liner,59, $179.10 ,east,
1570,Cici,7/27/2006,mascara,32, $98.05 ,east,
1573,Colleen,11/29/2004,eye liner,91, $275.56 ,east,
1578,Colleen,10/12/2006,foundation,82, $248.43 ,east,
1579,Ashley,6/6/2004,eye liner,87, $262.85 ,east,
1582,Jen,10/16/2004,mascara,11, $35.12 ,east,
1584,Betsy,8/18/2006,foundation,93, $281.26 ,east,
1589,Colleen,7/16/2006,lip gloss,26, $79.32 ,east,
1591,Emilee,2/14/2005,lip gloss,61, $184.79 ,east,
1607,Cristina,6/28/2004,eye liner,15, $47.25 ,east,
1608,Emilee,3/10/2004,foundation,81, $244.71 ,east,
1609,Betsy,4/10/2005,eye liner,94, $283.46 ,east,
1614,Zaret,7/9/2004,foundation,9, $29.11 ,east,
1620,Cici,2/6/2004,eye liner,6, $19.32 ,east,
1626,Emilee,1/1/2005,eye liner,30, $92.42 ,east,
1627,Emilee,7/16/2006,eye liner,-1, $(1.64),east,
1629,Betsy,3/8/2005,foundation,42, $127.32 ,east,
1633,Cici,5/4/2004,mascara,5, $17.11 ,east,
1638,Ashley,10/5/2004,mascara,15, $46.99 ,east,
1641,Cici,8/18/2006,foundation,56, $170.03 ,east,
1642,Zaret,5/22/2006,eye liner,91, $275.47 ,east,
1646,Hallagan,12/19/2005,lip gloss,0, $2.30 ,east,
1650,Colleen,3/10/2004,mascara,82, $247.66 ,east,
1653,Ashley,5/4/2004,eye liner,56, $170.25 ,east,
1656,Betsy,1/1/2005,eye liner,67, $203.00 ,east,
1661,Hallagan,6/4/2005,foundation,28, $85.65 ,east,
1665,Hallagan,1/23/2005,lip gloss,6, $19.48 ,east,
1666,Hallagan,2/25/2005,foundation,63, $190.57 ,east,
1669,Colleen,12/10/2004,foundation,16, $50.71 ,east,
1673,Jen,10/1/2006,foundation,74, $223.54 ,east,
1674,Emilee,4/12/2004,lip gloss,60, $182.53 ,east,
1676,Hallagan,2/28/2004,foundation,41, $124.81 ,east,
1678,Ashley,7/5/2006,lip gloss,89, $268.72 ,east,
1679,Hallagan,6/6/2004,mascara,12, $38.03 ,east,
1689,Colleen,9/20/2006,foundation,18, $56.57 ,east,
1690,Zaret,3/19/2005,eye liner,90, $272.36 ,east,
1691,Colleen,10/3/2005,mascara,12, $38.36 ,east,
1694,Zaret,12/6/2006,foundation,74, $223.24 ,east,
1699,Zaret,3/8/2005,mascara,17, $53.28 ,east,
1709,Cici,11/25/2006,lip gloss,-5, $(12.24),east,
1710,Cici,7/29/2005,foundation,34, $104.46 ,east,
1714,Hallagan,9/9/2006,mascara,65, $196.70 ,east,
1717,Zaret,4/10/2005,foundation,-9, $(25.10),east,
1720,Emilee,6/24/2006,lip gloss,40, $121.65 ,east,
1724,Zaret,5/24/2005,mascara,72, $218.06 ,east,
1726,Emilee,7/5/2006,eye liner,35, $107.41 ,east,
1729,Cristina,6/17/2004,eye liner,68, $206.34 ,east,
1731,Betsy,8/31/2005,lipstick,84, $254.78 ,east,
1735,Betsy,12/8/2005,eye liner,29, $89.11 ,east,
1737,Ashley,3/28/2006,eye liner,88, $265.53 ,east,
1739,Jen,2/14/2005,foundation,59, $178.84 ,east,
1742,Cici,4/19/2006,lip gloss,75, $227.52 ,east,
1743,Betsy,8/22/2004,mascara,40, $121.71 ,east,
1748,Ashley,5/4/2004,eye liner,85, $256.45 ,east,
1751,Cici,12/17/2006,foundation,47, $142.93 ,east,
1768,Zaret,9/13/2004,foundation,-10, $(27.79),east,
1772,Emilee,12/19/2005,lip gloss,13, $41.65 ,east,
1774,Cici,2/14/2005,foundation,81, $244.96 ,east,
1778,Colleen,3/17/2006,mascara,7, $23.46 ,east,
1779,Emilee,4/10/2005,mascara,9, $29.50 ,east,
1781,Ashley,2/25/2005,lip gloss,37, $112.64 ,east,
1783,Betsy,9/20/2006,lipstick,43, $130.38 ,east,
1786,Betsy,1/10/2006,lip gloss,-9, $(24.65),east,
1787,Jen,8/31/2005,lipstick,24, $74.61 ,east,
1790,Emilee,3/21/2004,lip gloss,90, $271.87 ,east,
1795,Ashley,10/3/2005,lip gloss,93, $280.87 ,east,
1799,Betsy,12/28/2006,lip gloss,31, $94.72 ,east,
1804,Ashley,12/10/2004,foundation,62, $187.57 ,east,
1806,Ashley,8/11/2004,mascara,43, $131.33 ,east,
1820,Cristina,11/27/2005,lip gloss,71, $215.12 ,east,
1821,Jen,5/22/2006,lipstick,67, $203.18 ,east,
1825,Betsy,2/12/2006,lipstick,73, $221.23 ,east,
1826,Cici,8/18/2006,lipstick,30, $91.69 ,east,
1828,Jen,6/4/2005,eye liner,48, $145.22 ,east,
1829,Hallagan,5/22/2006,mascara,-8, $(21.60),east,
1833,Zaret,1/12/2005,lip gloss,12, $37.99 ,east,
1834,Zaret,3/6/2006,eye liner,54, $164.03 ,east,
1836,Zaret,8/9/2005,eye liner,89, $269.07 ,east,
1837,Cristina,9/11/2005,foundation,10, $32.27 ,east,
1838,Betsy,1/4/2004,foundation,52, $158.18 ,east,
1849,Zaret,7/29/2005,lip gloss,12, $37.85 ,east,
1853,Cici,4/23/2004,lip gloss,87, $262.81 ,east,
1855,Emilee,7/18/2005,lip gloss,50, $152.13 ,east,
1860,Emilee,8/11/2004,lip gloss,-9, $(24.76),east,
1863,Zaret,3/6/2006,eye liner,73, $220.67 ,east,
1867,Cristina,8/18/2006,mascara,73, $220.77 ,east,
1869,Betsy,10/3/2005,lipstick,18, $56.08 ,east,
1877,Cici,9/13/2004,eye liner,66, $199.36 ,east,
1881,Emilee,10/3/2005,foundation,0, $2.66 ,east,
1883,Betsy,7/20/2004,lip gloss,-6, $(15.74),east,
1890,Cici,6/15/2005,foundation,16, $49.75 ,east,
1891,Betsy,4/10/2005,foundation,39, $119.19 ,east,
1894,Colleen,5/15/2004,lip gloss,60, $181.87 ,east,
1895,Emilee,11/27/2005,eye liner,15, $47.16 ,east,
1896,Ashley,2/14/2005,foundation,36, $109.84 ,east,
,,,,18818," $57,372.09 ",east Total,
2,Hallagan,3/10/2004,foundation,50, $152.01 ,midwest,
3,Ashley,2/25/2005,lipstick,9, $28.72 ,midwest,
5,Zaret,6/17/2004,lip gloss,43, $130.60 ,midwest,
6,Colleen,11/27/2005,eye liner,58, $175.99 ,midwest,
7,Cristina,3/21/2004,eye liner,8, $25.80 ,midwest,
8,Colleen,12/17/2006,lip gloss,72, $217.84 ,midwest,
18,Jen,8/31/2005,lip gloss,88, $265.19 ,midwest,
20,Zaret,11/27/2005,lip gloss,57, $173.12 ,midwest,
22,Betsy,9/24/2004,eye liner,28, $86.51 ,midwest,
23,Colleen,2/1/2006,mascara,25, $77.31 ,midwest,
27,Jen,4/12/2004,lipstick,38, $115.99 ,midwest,
28,Cristina,9/22/2005,foundation,77, $233.05 ,midwest,
32,Cristina,3/28/2006,lip gloss,53, $161.46 ,midwest,
42,Emilee,4/10/2005,mascara,19, $59.38 ,midwest,
44,Colleen,6/6/2004,lip gloss,55, $167.12 ,midwest,
51,Zaret,6/15/2005,eye liner,24, $73.60 ,midwest,
52,Hallagan,1/4/2004,eye liner,83, $250.33 ,midwest,
53,Cici,7/7/2005,eye liner,49, $148.51 ,midwest,
57,Cici,6/28/2004,mascara,49, $148.78 ,midwest,
59,Cristina,12/8/2005,lip gloss,8, $26.24 ,midwest,
61,Colleen,11/16/2005,foundation,62, $189.25 ,midwest,
63,Cici,6/17/2004,eye liner,95, $287.76 ,midwest,
65,Ashley,4/10/2005,lip gloss,-6, $(15.94),midwest,
70,Emilee,12/21/2004,eye liner,95, $287.05 ,midwest,
75,Jen,1/23/2005,eye liner,-7, $(18.53),midwest,
82,Colleen,7/29/2005,foundation,67, $203.01 ,midwest,
89,Cici,3/19/2005,foundation,1, $5.01 ,midwest,
92,Jen,5/26/2004,mascara,33, $100.33 ,midwest,
94,Colleen,5/11/2006,eye liner,58, $176.47 ,midwest,
105,Cristina,9/13/2004,lipstick,51, $155.30 ,midwest,
107,Emilee,3/21/2004,lip gloss,9, $29.28 ,midwest,
110,Ashley,3/8/2005,mascara,35, $107.59 ,midwest,
117,Zaret,6/2/2006,foundation,68, $205.77 ,midwest,
118,Cici,5/24/2005,foundation,59, $178.71 ,midwest,
125,Hallagan,11/16/2005,lip gloss,41, $124.39 ,midwest,
127,Emilee,7/7/2005,lipstick,9, $29.26 ,midwest,
132,Cici,3/21/2004,lipstick,28, $85.60 ,midwest,
148,Ashley,11/3/2006,lipstick,17, $53.67 ,midwest,
152,Zaret,9/2/2004,lipstick,6, $20.32 ,midwest,
158,Jen,5/15/2004,foundation,-3, $(7.08),midwest,
161,Cristina,2/17/2004,lip gloss,46, $139.93 ,midwest,
166,Emilee,3/30/2005,eye liner,49, $148.91 ,midwest,
181,Hallagan,10/14/2005,lipstick,51, $155.74 ,midwest,
182,Ashley,5/4/2004,lip gloss,78, $236.14 ,midwest,
184,Jen,8/22/2004,eye liner,13, $40.81 ,midwest,
191,Jen,2/6/2004,mascara,63, $191.03 ,midwest,
193,Cristina,1/10/2006,lipstick,68, $205.93 ,midwest,
195,Hallagan,12/10/2004,lipstick,62, $188.52 ,midwest,
206,Hallagan,12/6/2006,lipstick,20, $61.96 ,midwest,
209,Jen,4/1/2004,eye liner,7, $23.00 ,midwest,
210,Betsy,3/6/2006,lip gloss,-6, $(16.33),midwest,
217,Cici,9/24/2004,foundation,67, $203.36 ,midwest,
218,Cici,3/30/2005,mascara,23, $71.41 ,midwest,
221,Cristina,9/20/2006,foundation,56, $170.18 ,midwest,
232,Ashley,6/6/2004,lip gloss,63, $190.91 ,midwest,
233,Emilee,8/11/2004,mascara,57, $173.59 ,midwest,
235,Jen,12/21/2004,foundation,-3, $(7.26),midwest,
241,Emilee,5/2/2005,mascara,85, $256.88 ,midwest,
242,Emilee,4/21/2005,eye liner,52, $158.19 ,midwest,
260,Zaret,1/15/2004,eye liner,25, $77.33 ,midwest,
262,Jen,8/29/2006,foundation,2, $7.97 ,midwest,
263,Zaret,11/3/2006,lip gloss,62, $187.62 ,midwest,
272,Cici,5/11/2006,lip gloss,22, $68.71 ,midwest,
274,Cici,11/27/2005,foundation,83, $251.31 ,midwest,
276,Cici,8/9/2005,mascara,0, $1.58 ,midwest,
285,Jen,8/18/2006,mascara,-5, $(12.92),midwest,
290,Emilee,11/16/2005,foundation,94, $283.85 ,midwest,
291,Zaret,10/1/2006,mascara,83, $251.50 ,midwest,
293,Betsy,8/7/2006,mascara,33, $100.52 ,midwest,
294,Betsy,2/28/2004,eye liner,-1, $(0.91),midwest,
296,Jen,4/21/2005,foundation,76, $230.26 ,midwest,
303,Colleen,5/4/2004,foundation,70, $211.43 ,midwest,
304,Cici,5/22/2006,mascara,18, $56.27 ,midwest,
307,Zaret,8/20/2005,foundation,55, $166.61 ,midwest,
309,Cici,11/18/2004,eye liner,63, $191.45 ,midwest,
313,Colleen,12/30/2005,eye liner,-9, $(24.97),midwest,
314,Cici,6/28/2004,foundation,-1, $(1.48),midwest,
325,Hallagan,6/6/2004,eye liner,83, $251.63 ,midwest,
326,Hallagan,8/11/2004,lipstick,89, $268.67 ,midwest,
330,Cici,1/26/2004,eye liner,90, $271.33 ,midwest,
338,Zaret,7/27/2006,foundation,80, $242.19 ,midwest,
341,Hallagan,3/30/2005,eye liner,21, $65.22 ,midwest,
344,Ashley,5/26/2004,mascara,94, $283.62 ,midwest,
349,Jen,8/31/2005,foundation,72, $218.67 ,midwest,
362,Jen,11/16/2005,lip gloss,28, $86.33 ,midwest,
368,Colleen,7/5/2006,foundation,37, $113.01 ,midwest,
373,Cici,4/30/2006,eye liner,84, $253.89 ,midwest,
386,Jen,3/6/2006,foundation,88, $266.65 ,midwest,
387,Ashley,3/28/2006,foundation,45, $136.01 ,midwest,
388,Ashley,3/21/2004,lip gloss,37, $112.93 ,midwest,
389,Colleen,4/10/2005,lip gloss,12, $38.62 ,midwest,
390,Jen,5/15/2004,mascara,18, $55.93 ,midwest,
395,Betsy,5/15/2004,lipstick,56, $169.28 ,midwest,
396,Jen,12/10/2004,eye liner,53, $161.33 ,midwest,
398,Ashley,3/30/2005,mascara,90, $271.31 ,midwest,
399,Ashley,1/15/2004,eye liner,30, $92.29 ,midwest,
403,Colleen,12/10/2004,lipstick,26, $80.07 ,midwest,
405,Zaret,5/4/2004,foundation,44, $133.92 ,midwest,
408,Jen,5/22/2006,lip gloss,69, $208.59 ,midwest,
411,Betsy,9/9/2006,lipstick,34, $103.85 ,midwest,
414,Cici,4/23/2004,foundation,37, $112.43 ,midwest,
419,Cristina,3/10/2004,mascara,0, $2.35 ,midwest,
421,Ashley,1/12/2005,foundation,48, $146.51 ,midwest,
429,Jen,6/24/2006,lipstick,-4, $(9.88),midwest,
440,Colleen,4/30/2006,lipstick,78, $236.44 ,midwest,
445,Cristina,8/7/2006,lipstick,17, $52.94 ,midwest,
464,Hallagan,8/29/2006,mascara,26, $80.61 ,midwest,
466,Zaret,2/12/2006,lip gloss,2, $8.75 ,midwest,
467,Colleen,8/7/2006,lip gloss,36, $109.68 ,midwest,
469,Cici,8/9/2005,lip gloss,92, $277.67 ,midwest,
473,Colleen,3/19/2005,foundation,40, $122.54 ,midwest,
481,Jen,10/14/2005,eye liner,6, $19.73 ,midwest,
489,Zaret,7/27/2006,eye liner,58, $176.07 ,midwest,
493,Ashley,4/23/2004,eye liner,-1, $(0.45),midwest,
496,Jen,10/25/2005,lipstick,61, $184.83 ,midwest,
500,Colleen,6/13/2006,mascara,17, $52.99 ,midwest,
521,Hallagan,11/5/2005,foundation,86, $260.40 ,midwest,
533,Hallagan,9/24/2004,lip gloss,32, $97.89 ,midwest,
541,Cristina,2/25/2005,lipstick,20, $61.88 ,midwest,
545,Hallagan,4/1/2004,eye liner,34, $103.18 ,midwest,
546,Betsy,10/23/2006,foundation,3, $11.58 ,midwest,
548,Betsy,1/10/2006,eye liner,44, $133.62 ,midwest,
549,Cici,4/12/2004,eye liner,87, $263.16 ,midwest,
551,Ashley,4/19/2006,foundation,93, $281.17 ,midwest,
557,Cristina,9/2/2004,foundation,44, $133.51 ,midwest,
558,Betsy,10/27/2004,eye liner,47, $143.21 ,midwest,
560,Jen,7/27/2006,foundation,76, $229.96 ,midwest,
564,Ashley,1/26/2004,foundation,73, $220.97 ,midwest,
568,Cici,1/23/2005,eye liner,73, $220.81 ,midwest,
572,Emilee,12/6/2006,lip gloss,40, $121.87 ,midwest,
573,Jen,7/29/2005,lip gloss,-7, $(18.92),midwest,
574,Betsy,9/24/2004,foundation,39, $118.37 ,midwest,
580,Cici,10/14/2005,mascara,51, $154.40 ,midwest,
584,Jen,2/14/2005,mascara,81, $243.82 ,midwest,
585,Emilee,4/10/2005,lipstick,93, $280.80 ,midwest,
592,Cici,8/7/2006,eye liner,47, $141.97 ,midwest,
594,Hallagan,6/2/2006,foundation,92, $278.23 ,midwest,
596,Jen,3/21/2004,lip gloss,37, $112.85 ,midwest,
604,Colleen,12/19/2005,lipstick,89, $269.01 ,midwest,
609,Jen,6/17/2004,mascara,77, $232.67 ,midwest,
614,Cristina,5/2/2005,mascara,90, $272.41 ,midwest,
616,Cristina,1/21/2006,mascara,66, $199.93 ,midwest,
617,Jen,6/28/2004,eye liner,6, $20.24 ,midwest,
620,Cristina,10/5/2004,mascara,3, $10.91 ,midwest,
621,Emilee,4/12/2004,foundation,-4, $(10.39),midwest,
624,Hallagan,9/24/2004,mascara,72, $218.69 ,midwest,
632,Betsy,6/26/2005,foundation,61, $183.96 ,midwest,
634,Jen,9/9/2006,eye liner,31, $94.68 ,midwest,
635,Betsy,4/23/2004,mascara,6, $20.45 ,midwest,
637,Hallagan,7/7/2005,eye liner,14, $43.40 ,midwest,
642,Ashley,12/30/2005,mascara,2, $7.64 ,midwest,
649,Zaret,2/1/2006,foundation,43, $130.60 ,midwest,
650,Ashley,9/2/2004,mascara,40, $122.34 ,midwest,
656,Cici,5/22/2006,foundation,-1, $(1.23),midwest,
665,Cristina,9/20/2006,foundation,27, $82.57 ,midwest,
668,Colleen,8/31/2005,eye liner,43, $131.45 ,midwest,
670,Betsy,9/13/2004,lip gloss,32, $98.01 ,midwest,
671,Zaret,4/8/2006,lip gloss,89, $268.59 ,midwest,
674,Jen,2/25/2005,foundation,56, $170.29 ,midwest,
675,Betsy,8/22/2004,lip gloss,10, $32.45 ,midwest,
682,Emilee,11/7/2004,foundation,94, $284.33 ,midwest,
688,Betsy,4/12/2004,lipstick,56, $169.96 ,midwest,
694,Betsy,10/3/2005,lip gloss,22, $67.92 ,midwest,
702,Emilee,4/19/2006,foundation,40, $122.42 ,midwest,
703,Colleen,6/17/2004,lipstick,46, $139.41 ,midwest,
707,Cici,1/15/2004,foundation,78, $235.38 ,midwest,
709,Colleen,4/23/2004,lip gloss,36, $109.80 ,midwest,
712,Hallagan,1/15/2004,foundation,38, $116.20 ,midwest,
723,Zaret,8/22/2004,lip gloss,30, $92.03 ,midwest,
728,Hallagan,6/13/2006,lip gloss,95, $286.68 ,midwest,
732,Hallagan,7/7/2005,mascara,62, $187.71 ,midwest,
733,Betsy,8/11/2004,lipstick,92, $277.68 ,midwest,
738,Zaret,3/19/2005,foundation,34, $103.35 ,midwest,
742,Cristina,5/2/2005,foundation,-3, $(7.37),midwest,
754,Cristina,1/12/2005,eye liner,47, $143.38 ,midwest,
761,Cristina,7/29/2005,eye liner,52, $158.43 ,midwest,
777,Cici,2/28/2004,foundation,-5, $(12.55),midwest,
780,Jen,10/12/2006,mascara,48, $145.99 ,midwest,
781,Betsy,12/6/2006,mascara,36, $109.92 ,midwest,
786,Cici,4/21/2005,eye liner,93, $280.86 ,midwest,
788,Ashley,10/12/2006,lip gloss,-9, $(24.83),midwest,
796,Emilee,3/6/2006,lip gloss,3, $10.42 ,midwest,
799,Colleen,12/6/2006,mascara,26, $79.75 ,midwest,
803,Hallagan,8/18/2006,foundation,95, $287.80 ,midwest,
806,Emilee,8/18/2006,eye liner,26, $80.21 ,midwest,
808,Emilee,2/17/2004,lip gloss,15, $47.20 ,midwest,
818,Hallagan,4/12/2004,eye liner,86, $259.48 ,midwest,
820,Cristina,4/21/2005,mascara,-2, $(4.04),midwest,
823,Colleen,8/18/2006,eye liner,54, $164.15 ,midwest,
825,Betsy,8/31/2005,eye liner,10, $32.25 ,midwest,
827,Jen,9/20/2006,eye liner,83, $251.14 ,midwest,
833,Emilee,1/26/2004,eye liner,31, $95.33 ,midwest,
841,Jen,9/2/2004,foundation,-3, $(7.45),midwest,
847,Cristina,4/12/2004,lip gloss,28, $86.05 ,midwest,
851,Cici,11/7/2004,foundation,31, $94.97 ,midwest,
862,Hallagan,6/15/2005,mascara,69, $209.14 ,midwest,
863,Ashley,8/20/2005,eye liner,34, $103.97 ,midwest,
864,Betsy,8/9/2005,mascara,29, $89.38 ,midwest,
865,Colleen,2/17/2004,foundation,-10, $(27.72),midwest,
866,Cici,10/27/2004,lipstick,42, $128.43 ,midwest,
868,Emilee,3/10/2004,foundation,27, $83.02 ,midwest,
874,Emilee,7/7/2005,lipstick,57, $172.96 ,midwest,
882,Cristina,12/10/2004,mascara,85, $256.66 ,midwest,
883,Emilee,7/7/2005,lipstick,57, $173.06 ,midwest,
885,Cici,8/7/2006,foundation,-9, $(24.86),midwest,
886,Zaret,4/23/2004,eye liner,86, $260.29 ,midwest,
888,Colleen,1/15/2004,mascara,87, $262.76 ,midwest,
893,Colleen,12/8/2005,lipstick,11, $34.68 ,midwest,
899,Emilee,1/26/2004,eye liner,19, $59.12 ,midwest,
900,Colleen,3/21/2004,lip gloss,80, $241.75 ,midwest,
903,Emilee,7/16/2006,mascara,84, $253.78 ,midwest,
906,Ashley,3/30/2005,lip gloss,79, $239.34 ,midwest,
907,Jen,6/24/2006,eye liner,22, $68.55 ,midwest,
909,Ashley,10/5/2004,eye liner,0, $2.74 ,midwest,
919,Jen,7/5/2006,lipstick,8, $26.08 ,midwest,
920,Emilee,1/10/2006,mascara,-2, $(3.73),midwest,
928,Jen,11/27/2005,lip gloss,65, $196.86 ,midwest,
933,Jen,1/23/2005,mascara,34, $104.45 ,midwest,
947,Colleen,1/26/2004,lipstick,-1, $(0.29),midwest,
955,Zaret,1/12/2005,eye liner,-1, $(1.45),midwest,
958,Emilee,5/4/2004,mascara,54, $164.08 ,midwest,
963,Colleen,8/20/2005,mascara,11, $35.13 ,midwest,
967,Cristina,11/18/2004,foundation,24, $74.31 ,midwest,
979,Emilee,2/12/2006,lip gloss,2, $8.31 ,midwest,
981,Colleen,8/20/2005,foundation,-6, $(15.85),midwest,
982,Ashley,3/30/2005,mascara,70, $212.03 ,midwest,
991,Cristina,1/15/2004,eye liner,-1, $(1.02),midwest,
1001,Cristina,2/17/2004,foundation,20, $61.60 ,midwest,
1009,Betsy,4/30/2006,mascara,70, $212.19 ,midwest,
1011,Colleen,12/10/2004,mascara,70, $211.85 ,midwest,
1013,Colleen,10/14/2005,lip gloss,26, $79.31 ,midwest,
1014,Cici,12/8/2005,eye liner,8, $26.10 ,midwest,
1015,Ashley,2/1/2006,foundation,8, $26.08 ,midwest,
1019,Hallagan,9/2/2004,lipstick,71, $215.35 ,midwest,
1027,Colleen,3/17/2006,lip gloss,15, $46.77 ,midwest,
1033,Hallagan,12/6/2006,lip gloss,42, $127.95 ,midwest,
1038,Cici,9/24/2004,eye liner,3, $10.49 ,midwest,
1039,Emilee,6/15/2005,lipstick,76, $230.14 ,midwest,
1045,Cristina,9/2/2004,mascara,46, $139.82 ,midwest,
1046,Cici,2/6/2004,lip gloss,28, $85.91 ,midwest,
1050,Betsy,12/10/2004,mascara,31, $94.12 ,midwest,
1052,Colleen,3/28/2006,foundation,91, $275.51 ,midwest,
1058,Betsy,5/4/2004,mascara,37, $112.97 ,midwest,
1064,Emilee,8/20/2005,eye liner,93, $280.15 ,midwest,
1065,Jen,10/14/2005,lipstick,13, $40.97 ,midwest,
1075,Cici,10/14/2005,mascara,45, $136.79 ,midwest,
1077,Hallagan,12/19/2005,foundation,82, $248.20 ,midwest,
1087,Colleen,4/21/2005,foundation,58, $175.79 ,midwest,
1088,Ashley,1/4/2004,mascara,50, $151.96 ,midwest,
1093,Betsy,12/10/2004,lip gloss,25, $76.52 ,midwest,
1097,Cristina,5/13/2005,foundation,32, $97.88 ,midwest,
1098,Cristina,7/5/2006,lip gloss,78, $236.26 ,midwest,
1100,Colleen,12/28/2006,foundation,80, $241.54 ,midwest,
1101,Cici,2/3/2005,mascara,72, $218.33 ,midwest,
1107,Colleen,3/10/2004,lipstick,-9, $(24.90),midwest,
1125,Betsy,4/12/2004,lip gloss,75, $227.04 ,midwest,
1130,Cici,11/14/2006,eye liner,72, $217.37 ,midwest,
1135,Emilee,1/21/2006,lip gloss,-4, $(9.97),midwest,
1144,Zaret,12/21/2004,lip gloss,77, $232.63 ,midwest,
1146,Hallagan,4/21/2005,mascara,29, $89.18 ,midwest,
1149,Betsy,2/28/2004,foundation,93, $280.72 ,midwest,
1153,Hallagan,1/1/2005,lip gloss,-1, $(1.56),midwest,
1159,Jen,5/15/2004,foundation,71, $214.70 ,midwest,
1164,Ashley,11/29/2004,foundation,-10, $(27.58),midwest,
1167,Zaret,9/11/2005,eye liner,18, $56.22 ,midwest,
1168,Cristina,9/24/2004,lipstick,83, $251.40 ,midwest,
1177,Cici,3/17/2006,mascara,40, $122.64 ,midwest,
1180,Betsy,12/19/2005,eye liner,3, $10.72 ,midwest,
1181,Betsy,12/10/2004,eye liner,33, $100.68 ,midwest,
1184,Cici,6/26/2005,lipstick,64, $193.64 ,midwest,
1189,Emilee,10/27/2004,eye liner,75, $227.62 ,midwest,
1191,Cici,7/18/2005,eye liner,-2, $(4.28),midwest,
1195,Jen,3/28/2006,eye liner,86, $259.82 ,midwest,
1198,Betsy,5/4/2004,foundation,94, $284.28 ,midwest,
1205,Colleen,4/10/2005,lip gloss,26, $80.01 ,midwest,
1208,Hallagan,7/27/2006,mascara,47, $142.45 ,midwest,
1211,Ashley,7/31/2004,mascara,33, $100.91 ,midwest,
1214,Cici,6/13/2006,lipstick,81, $244.87 ,midwest,
1217,Hallagan,5/22/2006,mascara,35, $106.85 ,midwest,
1222,Cristina,11/16/2005,mascara,30, $91.98 ,midwest,
1229,Zaret,4/21/2005,lipstick,19, $58.72 ,midwest,
1239,Zaret,5/22/2006,mascara,-5, $(12.43),midwest,
1241,Emilee,12/28/2006,mascara,54, $163.09 ,midwest,
1246,Cici,5/15/2004,mascara,90, $272.34 ,midwest,
1247,Betsy,2/6/2004,foundation,48, $146.43 ,midwest,
1257,Colleen,10/16/2004,eye liner,46, $139.94 ,midwest,
1258,Betsy,7/16/2006,mascara,54, $163.69 ,midwest,
1265,Hallagan,4/8/2006,lip gloss,95, $286.76 ,midwest,
1267,Cici,10/5/2004,eye liner,47, $143.14 ,midwest,
1274,Hallagan,10/5/2004,lipstick,91, $275.37 ,midwest,
1279,Colleen,9/2/2004,mascara,28, $86.46 ,midwest,
1282,Cristina,4/23/2004,mascara,11, $34.46 ,midwest,
1284,Betsy,4/19/2006,eye liner,2, $8.80 ,midwest,
1287,Emilee,6/24/2006,mascara,10, $31.30 ,midwest,
1289,Hallagan,12/21/2004,mascara,88, $266.39 ,midwest,
1291,Zaret,2/14/2005,mascara,3, $11.90 ,midwest,
1293,Cici,3/8/2005,eye liner,58, $176.65 ,midwest,
1299,Colleen,11/5/2005,eye liner,29, $90.06 ,midwest,
1300,Colleen,4/23/2004,foundation,88, $266.37 ,midwest,
1313,Ashley,7/7/2005,mascara,8, $25.62 ,midwest,
1315,Ashley,8/22/2004,lip gloss,12, $37.82 ,midwest,
1316,Jen,11/27/2005,mascara,79, $239.18 ,midwest,
1324,Ashley,10/1/2006,mascara,81, $244.62 ,midwest,
1327,Zaret,2/3/2005,mascara,6, $20.31 ,midwest,
1332,Betsy,1/15/2004,lip gloss,13, $41.92 ,midwest,
1333,Colleen,3/8/2005,eye liner,14, $44.00 ,midwest,
1334,Betsy,5/24/2005,lipstick,33, $100.31 ,midwest,
1337,Jen,2/23/2006,mascara,15, $47.31 ,midwest,
1343,Cici,7/7/2005,mascara,80, $240.76 ,midwest,
1346,Jen,11/27/2005,lipstick,50, $151.57 ,midwest,
1348,Jen,6/6/2004,lip gloss,77, $232.85 ,midwest,
1354,Colleen,2/25/2005,lipstick,61, $184.75 ,midwest,
1364,Cici,6/17/2004,mascara,31, $94.92 ,midwest,
1365,Hallagan,10/5/2004,eye liner,36, $109.87 ,midwest,
1380,Hallagan,4/19/2006,mascara,6, $20.17 ,midwest,
1381,Cici,5/24/2005,eye liner,18, $55.92 ,midwest,
1395,Cici,2/25/2005,foundation,83, $250.39 ,midwest,
1402,Ashley,5/22/2006,foundation,55, $167.09 ,midwest,
1406,Cici,11/5/2005,lip gloss,17, $53.45 ,midwest,
1410,Cristina,10/16/2004,mascara,0, $1.83 ,midwest,
1411,Cristina,1/23/2005,lip gloss,73, $221.01 ,midwest,
1412,Hallagan,3/21/2004,lip gloss,66, $200.12 ,midwest,
1425,Zaret,4/8/2006,eye liner,5, $17.02 ,midwest,
1427,Emilee,12/8/2005,mascara,-10, $(27.35),midwest,
1428,Ashley,12/6/2006,eye liner,53, $160.85 ,midwest,
1430,Cristina,7/16/2006,lip gloss,27, $83.23 ,midwest,
1438,Colleen,8/18/2006,mascara,10, $31.67 ,midwest,
1439,Cristina,6/26/2005,foundation,15, $46.48 ,midwest,
1449,Hallagan,10/1/2006,lipstick,45, $136.50 ,midwest,
1452,Emilee,12/17/2006,mascara,33, $100.48 ,midwest,
1453,Colleen,8/7/2006,foundation,90, $272.36 ,midwest,
1457,Jen,8/9/2005,foundation,14, $44.33 ,midwest,
1481,Cici,12/8/2005,mascara,20, $61.94 ,midwest,
1483,Betsy,7/29/2005,eye liner,94, $284.31 ,midwest,
1484,Betsy,9/9/2006,foundation,41, $124.88 ,midwest,
1497,Zaret,10/25/2005,mascara,65, $197.50 ,midwest,
1498,Zaret,12/21/2004,eye liner,16, $49.98 ,midwest,
1500,Hallagan,8/31/2005,eye liner,78, $235.94 ,midwest,
1503,Ashley,3/28/2006,foundation,73, $220.63 ,midwest,
1509,Betsy,4/30/2006,eye liner,83, $251.40 ,midwest,
1518,Colleen,6/28/2004,eye liner,9, $28.46 ,midwest,
1525,Zaret,11/29/2004,lipstick,-8, $(22.29),midwest,
1529,Zaret,7/27/2006,lip gloss,88, $266.77 ,midwest,
1534,Hallagan,12/10/2004,eye liner,49, $149.82 ,midwest,
1538,Ashley,6/17/2004,eye liner,1, $5.73 ,midwest,
1556,Colleen,11/3/2006,mascara,84, $253.60 ,midwest,
1564,Emilee,11/16/2005,foundation,34, $103.72 ,midwest,
1565,Emilee,11/29/2004,mascara,27, $82.68 ,midwest,
1575,Betsy,3/19/2005,mascara,-7, $(19.14),midwest,
1580,Cici,2/14/2005,mascara,93, $281.53 ,midwest,
1586,Ashley,9/24/2004,lip gloss,66, $199.70 ,midwest,
1588,Zaret,7/7/2005,mascara,61, $184.84 ,midwest,
1595,Cici,6/4/2005,lipstick,58, $176.58 ,midwest,
1599,Cristina,2/1/2006,lip gloss,42, $127.60 ,midwest,
1605,Colleen,11/14/2006,eye liner,6, $20.06 ,midwest,
1610,Zaret,1/15/2004,mascara,11, $35.19 ,midwest,
1612,Hallagan,8/31/2005,eye liner,85, $257.14 ,midwest,
1616,Jen,6/6/2004,eye liner,79, $239.89 ,midwest,
1617,Hallagan,5/26/2004,eye liner,83, $250.62 ,midwest,
1619,Cici,2/23/2006,mascara,62, $188.24 ,midwest,
1621,Ashley,4/8/2006,mascara,13, $41.39 ,midwest,
1624,Cristina,10/16/2004,eye liner,61, $185.38 ,midwest,
1628,Betsy,1/1/2005,lipstick,5, $16.93 ,midwest,
1630,Zaret,5/2/2005,eye liner,14, $44.54 ,midwest,
1636,Cici,9/9/2006,mascara,11, $35.30 ,midwest,
1639,Cristina,2/6/2004,eye liner,53, $161.39 ,midwest,
1640,Zaret,8/20/2005,lip gloss,70, $212.01 ,midwest,
1643,Jen,12/21/2004,lipstick,55, $167.81 ,midwest,
1648,Colleen,4/1/2004,eye liner,13, $40.99 ,midwest,
1651,Emilee,2/14/2005,foundation,27, $82.65 ,midwest,
1658,Emilee,9/22/2005,eye liner,14, $44.14 ,midwest,
1664,Cristina,10/1/2006,foundation,-5, $(12.64),midwest,
1667,Emilee,6/13/2006,foundation,33, $100.75 ,midwest,
1670,Jen,6/2/2006,eye liner,15, $47.14 ,midwest,
1675,Cristina,5/2/2005,mascara,26, $79.64 ,midwest,
1684,Ashley,9/13/2004,mascara,94, $283.80 ,midwest,
1692,Colleen,1/26/2004,lip gloss,39, $118.64 ,midwest,
1693,Colleen,2/17/2004,lipstick,45, $137.71 ,midwest,
1697,Betsy,10/16/2004,mascara,-3, $(7.06),midwest,
1698,Cristina,5/24/2005,lipstick,92, $278.52 ,midwest,
1702,Zaret,10/27/2004,foundation,52, $158.05 ,midwest,
1707,Cici,5/13/2005,foundation,-8, $(22.16),midwest,
1715,Cici,7/5/2006,lip gloss,77, $232.42 ,midwest,
1718,Jen,3/30/2005,mascara,17, $52.73 ,midwest,
1719,Ashley,4/10/2005,eye liner,11, $34.81 ,midwest,
1727,Ashley,11/3/2006,lip gloss,39, $118.67 ,midwest,
1730,Emilee,10/27/2004,eye liner,86, $260.29 ,midwest,
1734,Cristina,4/8/2006,lip gloss,22, $67.94 ,midwest,
1738,Emilee,2/25/2005,eye liner,41, $124.99 ,midwest,
1745,Zaret,3/19/2005,eye liner,38, $115.80 ,midwest,
1750,Emilee,11/3/2006,eye liner,86, $259.76 ,midwest,
1754,Cristina,11/7/2004,mascara,-10, $(27.87),midwest,
1759,Zaret,9/11/2005,foundation,91, $275.56 ,midwest,
1760,Betsy,5/11/2006,lip gloss,17, $53.54 ,midwest,
1762,Cristina,12/6/2006,mascara,8, $25.17 ,midwest,
1764,Hallagan,6/4/2005,lip gloss,52, $158.07 ,midwest,
1765,Cici,8/31/2005,mascara,50, $152.60 ,midwest,
1767,Emilee,6/2/2006,mascara,-10, $(28.43),midwest,
1769,Jen,10/25/2005,mascara,90, $272.47 ,midwest,
1773,Colleen,7/20/2004,foundation,-10, $(27.45),midwest,
1777,Betsy,12/19/2005,eye liner,95, $286.41 ,midwest,
1784,Cici,7/5/2006,mascara,-5, $(12.65),midwest,
1788,Cici,5/4/2004,lip gloss,30, $91.37 ,midwest,
1792,Hallagan,10/25/2005,eye liner,51, $155.23 ,midwest,
1796,Jen,10/12/2006,eye liner,-3, $(6.54),midwest,
1798,Cristina,10/5/2004,lipstick,79, $239.25 ,midwest,
1802,Emilee,3/10/2004,lip gloss,82, $247.02 ,midwest,
1807,Cristina,11/7/2004,lip gloss,78, $236.44 ,midwest,
1814,Betsy,3/10/2004,lipstick,31, $94.73 ,midwest,
1819,Zaret,9/9/2006,eye liner,4, $13.71 ,midwest,
1824,Zaret,6/24/2006,lip gloss,50, $151.67 ,midwest,
1842,Colleen,4/12/2004,lip gloss,80, $241.83 ,midwest,
1846,Jen,2/12/2006,lip gloss,55, $167.04 ,midwest,
1851,Ashley,4/23/2004,lip gloss,37, $113.27 ,midwest,
1854,Cristina,2/1/2006,mascara,16, $50.28 ,midwest,
1857,Cici,5/26/2004,foundation,61, $184.76 ,midwest,
1861,Cristina,3/17/2006,eye liner,74, $223.83 ,midwest,
1871,Cici,1/1/2005,mascara,21, $64.68 ,midwest,
1875,Cristina,2/28/2004,lipstick,54, $163.87 ,midwest,
1879,Ashley,8/18/2006,eye liner,90, $271.85 ,midwest,
1882,Jen,3/21/2004,foundation,72, $217.90 ,midwest,
1887,Zaret,4/21/2005,lip gloss,61, $185.31 ,midwest,
1893,Cici,7/31/2004,foundation,20, $61.92 ,midwest,
1900,Cristina,6/13/2006,eye liner,54, $164.49 ,midwest,
,,,,17985," $54,805.41 ",midwest Total,
1,Betsy,4/1/2004,lip gloss,45, $137.20 ,south,
9,Ashley,7/5/2006,eye liner,75, $226.64 ,south,
14,Hallagan,1/1/2005,eye liner,18, $56.47 ,south,
17,Colleen,4/30/2006,mascara,66, $199.65 ,south,
19,Jen,10/27/2004,eye liner,78, $236.15 ,south,
40,Hallagan,6/24/2006,foundation,38, $115.58 ,south,
41,Emilee,2/6/2004,eye liner,25, $76.56 ,south,
48,Emilee,5/24/2005,eye liner,37, $113.03 ,south,
56,Cristina,4/12/2004,lip gloss,8, $26.91 ,south,
62,Emilee,8/11/2004,foundation,23, $71.31 ,south,
64,Emilee,5/11/2006,eye liner,41, $125.00 ,south,
66,Betsy,1/1/2005,mascara,84, $253.99 ,south,
67,Hallagan,11/5/2005,foundation,63, $191.37 ,south,
72,Zaret,6/17/2004,lipstick,54, $163.87 ,south,
73,Cristina,6/26/2005,foundation,33, $101.37 ,south,
78,Emilee,12/17/2006,foundation,56, $170.24 ,south,
79,Cristina,2/14/2005,mascara,70, $212.29 ,south,
85,Cici,2/17/2004,foundation,80, $241.26 ,south,
88,Zaret,12/19/2005,eye liner,26, $80.30 ,south,
90,Cici,6/13/2006,lipstick,-3, $(7.62),south,
91,Betsy,8/18/2006,eye liner,83, $251.18 ,south,
95,Emilee,8/20/2005,foundation,28, $85.54 ,south,
97,Cristina,11/25/2006,foundation,92, $278.16 ,south,
99,Colleen,1/21/2006,lip gloss,75, $226.74 ,south,
102,Cristina,8/11/2004,foundation,16, $49.45 ,south,
106,Jen,3/30/2005,foundation,-7, $(19.53),south,
109,Ashley,7/16/2006,foundation,10, $32.11 ,south,
112,Cici,11/18/2004,mascara,38, $115.86 ,south,
115,Emilee,1/21/2006,foundation,39, $118.63 ,south,
120,Hallagan,10/25/2005,mascara,61, $184.56 ,south,
121,Zaret,3/6/2006,foundation,30, $92.43 ,south,
123,Zaret,4/30/2006,eye liner,72, $217.45 ,south,
128,Cici,5/13/2005,lip gloss,1, $5.01 ,south,
134,Cristina,12/17/2006,lip gloss,11, $34.91 ,south,
139,Betsy,5/24/2005,lipstick,50, $152.04 ,south,
141,Jen,12/28/2006,eye liner,83, $250.79 ,south,
143,Colleen,2/3/2005,foundation,46, $139.76 ,south,
144,Ashley,10/23/2006,mascara,55, $167.19 ,south,
150,Cristina,3/17/2006,foundation,-4, $(9.42),south,
154,Jen,8/11/2004,lipstick,16, $49.94 ,south,
155,Betsy,2/3/2005,mascara,22, $67.81 ,south,
157,Emilee,9/11/2005,lip gloss,85, $256.56 ,south,
159,Emilee,1/23/2005,lip gloss,51, $154.49 ,south,
160,Cici,1/1/2005,lip gloss,72, $217.42 ,south,
162,Hallagan,2/25/2005,mascara,-10, $(28.00),south,
163,Cici,8/9/2005,foundation,-5, $(12.20),south,
168,Cristina,5/22/2006,lip gloss,29, $88.98 ,south,
170,Jen,6/13/2006,lip gloss,21, $64.60 ,south,
172,Colleen,2/28/2004,foundation,55, $167.55 ,south,
173,Emilee,7/16/2006,foundation,14, $43.90 ,south,
174,Jen,3/10/2004,lipstick,91, $275.24 ,south,
175,Emilee,4/23/2004,eye liner,80, $242.45 ,south,
176,Betsy,11/27/2005,eye liner,70, $211.76 ,south,
179,Hallagan,9/22/2005,foundation,38, $115.83 ,south,
185,Emilee,7/7/2005,mascara,2, $8.04 ,south,
187,Colleen,3/17/2006,foundation,57, $172.92 ,south,
190,Cici,10/1/2006,lip gloss,28, $85.96 ,south,
200,Cristina,3/17/2006,eye liner,21, $64.74 ,south,
202,Hallagan,12/30/2005,foundation,-3, $(7.15),south,
211,Jen,4/30/2006,lip gloss,35, $106.90 ,south,
226,Jen,6/6/2004,lip gloss,-1, $(0.92),south,
227,Hallagan,1/21/2006,eye liner,37, $112.52 ,south,
228,Betsy,2/23/2006,foundation,63, $191.45 ,south,
236,Cici,10/1/2006,lip gloss,86, $260.33 ,south,
240,Emilee,11/5/2005,lip gloss,2, $7.63 ,south,
243,Colleen,7/9/2004,lipstick,-3, $(7.40),south,
246,Hallagan,8/29/2006,mascara,90, $272.10 ,south,
256,Hallagan,2/6/2004,eye liner,1, $4.88 ,south,
259,Colleen,2/14/2005,lipstick,65, $196.49 ,south,
261,Cici,7/16/2006,mascara,-1, $(1.93),south,
265,Hallagan,7/18/2005,eye liner,55, $167.05 ,south,
266,Colleen,6/15/2005,lip gloss,28, $86.64 ,south,
267,Cristina,7/29/2005,foundation,5, $16.67 ,south,
270,Zaret,6/6/2004,foundation,47, $142.85 ,south,
273,Ashley,6/24/2006,lipstick,70, $212.26 ,south,
286,Jen,3/30/2005,foundation,31, $95.51 ,south,
287,Ashley,12/17/2006,mascara,21, $65.34 ,south,
292,Ashley,8/11/2004,mascara,16, $49.96 ,south,
298,Zaret,5/26/2004,lipstick,56, $169.19 ,south,
299,Hallagan,8/31/2005,lip gloss,81, $245.59 ,south,
300,Zaret,6/28/2004,eye liner,3, $11.16 ,south,
302,Jen,10/23/2006,foundation,81, $245.54 ,south,
312,Zaret,7/31/2004,eye liner,67, $203.30 ,south,
315,Betsy,1/12/2005,foundation,21, $65.20 ,south,
319,Ashley,11/7/2004,foundation,70, $212.50 ,south,
323,Colleen,3/17/2006,lipstick,43, $130.95 ,south,
327,Emilee,10/12/2006,lip gloss,7, $22.67 ,south,
328,Hallagan,7/9/2004,foundation,68, $205.76 ,south,
334,Zaret,6/6/2004,foundation,40, $122.17 ,south,
340,Hallagan,3/28/2006,mascara,89, $269.26 ,south,
345,Cici,7/18/2005,mascara,85, $257.29 ,south,
347,Emilee,5/24/2005,lipstick,25, $76.37 ,south,
353,Emilee,9/11/2005,eye liner,85, $257.10 ,south,
354,Ashley,10/14/2005,lip gloss,79, $239.76 ,south,
355,Jen,9/9/2006,lip gloss,81, $245.01 ,south,
358,Zaret,9/22/2005,eye liner,44, $133.84 ,south,
360,Cristina,5/26/2004,mascara,70, $211.69 ,south,
363,Ashley,10/12/2006,mascara,83, $250.61 ,south,
364,Cici,7/5/2006,lip gloss,46, $140.48 ,south,
371,Ashley,8/20/2005,eye liner,36, $110.59 ,south,
375,Zaret,2/1/2006,lip gloss,31, $95.68 ,south,
382,Zaret,3/17/2006,lipstick,11, $35.08 ,south,
384,Emilee,3/17/2006,foundation,72, $218.15 ,south,
391,Hallagan,1/21/2006,lip gloss,75, $227.00 ,south,
392,Jen,2/25/2005,foundation,8, $26.31 ,south,
394,Ashley,12/21/2004,lip gloss,-6, $(16.41),south,
397,Cristina,5/26/2004,lip gloss,62, $187.72 ,south,
402,Emilee,4/10/2005,lip gloss,-4, $(10.05),south,
406,Colleen,2/17/2004,mascara,91, $274.81 ,south,
410,Zaret,7/29/2005,foundation,71, $215.12 ,south,
412,Jen,6/4/2005,mascara,93, $281.17 ,south,
415,Jen,6/28/2004,eye liner,26, $79.91 ,south,
426,Jen,8/20/2005,eye liner,-4, $(10.36),south,
430,Emilee,9/13/2004,foundation,6, $20.39 ,south,
433,Betsy,6/6/2004,eye liner,47, $142.67 ,south,
434,Hallagan,8/18/2006,lip gloss,13, $41.34 ,south,
437,Zaret,3/17/2006,eye liner,87, $263.07 ,south,
441,Cici,3/19/2005,mascara,27, $83.00 ,south,
444,Betsy,12/10/2004,eye liner,30, $91.97 ,south,
446,Hallagan,6/4/2005,lip gloss,36, $109.95 ,south,
447,Hallagan,1/21/2006,foundation,-4, $(10.24),south,
450,Cristina,12/21/2004,eye liner,87, $263.83 ,south,
451,Betsy,2/6/2004,eye liner,13, $40.51 ,south,
459,Colleen,4/10/2005,mascara,71, $214.77 ,south,
465,Ashley,6/13/2006,eye liner,58, $176.27 ,south,
471,Ashley,10/12/2006,lip gloss,42, $128.17 ,south,
472,Cristina,4/23/2004,lip gloss,25, $77.32 ,south,
474,Cici,5/4/2004,lip gloss,3, $10.57 ,south,
475,Betsy,7/18/2005,foundation,-1, $(0.82),south,
477,Cici,6/17/2004,eye liner,0, $2.00 ,south,
478,Hallagan,2/12/2006,lip gloss,35, $106.26 ,south,
488,Betsy,7/20/2004,eye liner,37, $113.00 ,south,
490,Jen,2/12/2006,eye liner,74, $223.61 ,south,
491,Hallagan,6/6/2004,foundation,64, $193.55 ,south,
492,Betsy,11/27/2005,lipstick,53, $160.46 ,south,
502,Cristina,5/4/2004,mascara,61, $185.38 ,south,
512,Betsy,5/4/2004,foundation,76, $230.18 ,south,
513,Hallagan,7/7/2005,lipstick,27, $82.60 ,south,
514,Betsy,12/19/2005,foundation,58, $175.77 ,south,
516,Colleen,9/11/2005,lip gloss,79, $238.79 ,south,
517,Cristina,9/13/2004,mascara,38, $116.69 ,south,
518,Betsy,4/1/2004,mascara,4, $13.64 ,south,
519,Zaret,3/17/2006,eye liner,45, $137.07 ,south,
527,Jen,1/15/2004,foundation,62, $187.23 ,south,
529,Hallagan,12/19/2005,mascara,28, $86.08 ,south,
531,Cici,12/10/2004,eye liner,34, $103.49 ,south,
536,Jen,5/26/2004,foundation,29, $89.29 ,south,
544,Colleen,1/21/2006,foundation,25, $76.92 ,south,
550,Jen,2/25/2005,lipstick,4, $14.19 ,south,
554,Hallagan,7/18/2005,eye liner,30, $92.53 ,south,
555,Ashley,11/14/2006,mascara,-1, $(1.28),south,
562,Ashley,5/26/2004,eye liner,-1, $(0.79),south,
570,Emilee,3/19/2005,foundation,43, $131.06 ,south,
577,Hallagan,10/3/2005,mascara,68, $206.08 ,south,
579,Zaret,10/12/2006,eye liner,-9, $(24.84),south,
581,Hallagan,11/27/2005,lip gloss,59, $178.90 ,south,
586,Cici,2/1/2006,lip gloss,20, $61.97 ,south,
588,Cristina,10/27/2004,foundation,6, $20.02 ,south,
589,Cristina,2/17/2004,foundation,34, $103.68 ,south,
595,Colleen,1/12/2005,lip gloss,68, $205.96 ,south,
597,Emilee,7/20/2004,eye liner,78, $235.37 ,south,
601,Zaret,8/7/2006,lip gloss,6, $20.23 ,south,
603,Betsy,1/15/2004,mascara,24, $74.28 ,south,
606,Zaret,12/8/2005,foundation,67, $203.71 ,south,
607,Colleen,8/11/2004,mascara,7, $23.43 ,south,
611,Betsy,8/7/2006,lip gloss,10, $32.14 ,south,
615,Hallagan,11/25/2006,foundation,58, $175.59 ,south,
618,Colleen,4/19/2006,lip gloss,90, $272.59 ,south,
627,Colleen,5/22/2006,foundation,-8, $(21.53),south,
630,Hallagan,1/10/2006,foundation,55, $166.77 ,south,
633,Hallagan,6/15/2005,eye liner,40, $122.54 ,south,
636,Hallagan,10/25/2005,foundation,-6, $(16.10),south,
640,Emilee,11/7/2004,lip gloss,-8, $(21.44),south,
641,Emilee,11/3/2006,lip gloss,-8, $(21.91),south,
643,Hallagan,1/4/2004,lipstick,10, $31.84 ,south,
644,Cici,5/2/2005,eye liner,51, $154.53 ,south,
645,Cici,4/1/2004,eye liner,5, $16.85 ,south,
646,Emilee,6/2/2006,eye liner,39, $119.49 ,south,
648,Emilee,11/29/2004,foundation,29, $88.79 ,south,
651,Emilee,2/12/2006,foundation,36, $109.41 ,south,
652,Emilee,1/23/2005,eye liner,88, $265.70 ,south,
653,Betsy,2/3/2005,mascara,55, $166.43 ,south,
657,Jen,9/20/2006,foundation,32, $97.81 ,south,
658,Hallagan,1/21/2006,mascara,17, $53.06 ,south,
661,Zaret,2/17/2004,mascara,51, $155.02 ,south,
677,Colleen,5/2/2005,eye liner,75, $226.81 ,south,
679,Colleen,5/13/2005,foundation,25, $75.94 ,south,
683,Jen,10/3/2005,mascara,58, $176.73 ,south,
684,Emilee,6/4/2005,lip gloss,66, $200.21 ,south,
686,Hallagan,10/1/2006,foundation,94, $283.77 ,south,
689,Emilee,4/19/2006,mascara,82, $247.80 ,south,
690,Emilee,9/11/2005,mascara,7, $23.07 ,south,
692,Ashley,12/28/2006,foundation,15, $46.81 ,south,
693,Jen,10/5/2004,foundation,39, $118.82 ,south,
696,Betsy,7/20/2004,mascara,47, $142.63 ,south,
719,Cici,9/13/2004,foundation,71, $214.93 ,south,
720,Cristina,11/3/2006,mascara,28, $86.11 ,south,
724,Jen,12/8/2005,lip gloss,78, $235.90 ,south,
725,Colleen,8/9/2005,mascara,15, $47.10 ,south,
729,Jen,2/17/2004,foundation,62, $188.70 ,south,
734,Zaret,12/17/2006,foundation,35, $107.10 ,south,
736,Cristina,7/9/2004,mascara,21, $64.32 ,south,
737,Colleen,1/21/2006,mascara,49, $148.74 ,south,
745,Colleen,2/14/2005,lip gloss,3, $10.88 ,south,
750,Cici,5/11/2006,eye liner,-2, $(3.91),south,
751,Cristina,11/29/2004,lip gloss,6, $20.37 ,south,
753,Betsy,1/21/2006,eye liner,42, $127.71 ,south,
758,Ashley,3/10/2004,eye liner,21, $65.38 ,south,
760,Cristina,4/12/2004,lipstick,5, $17.01 ,south,
762,Colleen,3/30/2005,mascara,38, $115.39 ,south,
764,Cici,12/6/2006,lipstick,18, $55.34 ,south,
767,Colleen,12/6/2006,foundation,59, $178.90 ,south,
775,Cristina,7/29/2005,foundation,66, $200.66 ,south,
776,Cristina,7/31/2004,lipstick,10, $31.85 ,south,
778,Ashley,8/9/2005,mascara,89, $269.49 ,south,
779,Cici,4/10/2005,foundation,5, $16.82 ,south,
795,Hallagan,5/26/2004,eye liner,72, $218.08 ,south,
800,Zaret,10/5/2004,eye liner,47, $142.49 ,south,
802,Zaret,6/26/2005,mascara,71, $215.08 ,south,
804,Cici,3/6/2006,mascara,37, $112.78 ,south,
809,Jen,2/23/2006,lip gloss,73, $221.34 ,south,
812,Cici,6/6/2004,eye liner,-9, $(24.93),south,
814,Ashley,5/26/2004,foundation,11, $35.52 ,south,
816,Jen,10/16/2004,lipstick,93, $280.27 ,south,
819,Betsy,6/2/2006,mascara,54, $164.38 ,south,
828,Zaret,11/3/2006,foundation,6, $19.52 ,south,
831,Ashley,12/6/2006,lip gloss,80, $241.71 ,south,
836,Jen,2/12/2006,foundation,17, $53.33 ,south,
837,Emilee,6/2/2006,eye liner,16, $50.31 ,south,
844,Ashley,10/23/2006,lip gloss,29, $89.31 ,south,
849,Ashley,6/2/2006,lipstick,84, $254.04 ,south,
853,Cici,11/16/2005,mascara,66, $201.26 ,south,
855,Betsy,1/23/2005,eye liner,94, $284.42 ,south,
860,Cristina,2/6/2004,lip gloss,34, $104.17 ,south,
861,Betsy,9/11/2005,eye liner,38, $115.85 ,south,
870,Emilee,2/6/2004,foundation,29, $88.70 ,south,
871,Cici,5/11/2006,mascara,28, $86.23 ,south,
872,Betsy,9/20/2006,eye liner,79, $239.06 ,south,
880,Ashley,9/20/2006,foundation,4, $15.21 ,south,
889,Colleen,7/31/2004,eye liner,86, $260.01 ,south,
892,Colleen,7/20/2004,lipstick,11, $34.78 ,south,
894,Cici,11/5/2005,eye liner,-4, $(9.79),south,
896,Cristina,6/28/2004,lip gloss,51, $154.72 ,south,
897,Colleen,7/20/2004,foundation,91, $274.77 ,south,
905,Zaret,8/31/2005,eye liner,11, $35.27 ,south,
911,Zaret,11/7/2004,foundation,14, $44.25 ,south,
916,Cristina,8/31/2005,foundation,46, $140.27 ,south,
922,Jen,5/2/2005,foundation,19, $58.90 ,south,
923,Betsy,4/10/2005,lipstick,27, $82.99 ,south,
925,Jen,1/10/2006,foundation,57, $173.33 ,south,
927,Cici,11/7/2004,lip gloss,9, $28.83 ,south,
930,Cici,9/13/2004,mascara,48, $145.94 ,south,
935,Emilee,3/28/2006,lip gloss,62, $187.89 ,south,
936,Cristina,7/5/2006,lipstick,17, $53.05 ,south,
941,Betsy,7/18/2005,foundation,44, $134.50 ,south,
945,Emilee,2/3/2005,lipstick,31, $94.44 ,south,
946,Cici,8/22/2004,eye liner,-7, $(19.82),south,
950,Ashley,10/27/2004,lip gloss,70, $212.46 ,south,
952,Cristina,4/19/2006,mascara,18, $56.26 ,south,
953,Cristina,2/23/2006,eye liner,30, $92.20 ,south,
956,Jen,3/19/2005,foundation,50, $152.32 ,south,
959,Ashley,4/21/2005,lip gloss,16, $49.97 ,south,
962,Ashley,1/4/2004,mascara,74, $224.13 ,south,
966,Zaret,7/27/2006,lip gloss,1, $5.28 ,south,
970,Betsy,5/22/2006,eye liner,33, $100.62 ,south,
971,Emilee,2/1/2006,mascara,65, $196.64 ,south,
976,Zaret,9/9/2006,foundation,16, $50.16 ,south,
980,Zaret,6/2/2006,mascara,28, $85.79 ,south,
983,Hallagan,2/23/2006,lip gloss,65, $197.19 ,south,
990,Colleen,2/17/2004,eye liner,38, $115.96 ,south,
994,Colleen,5/26/2004,foundation,62, $187.43 ,south,
1002,Colleen,10/5/2004,lip gloss,-10, $(28.33),south,
1003,Zaret,9/24/2004,eye liner,94, $283.99 ,south,
1017,Jen,8/18/2006,eye liner,-9, $(24.82),south,
1020,Emilee,3/17/2006,mascara,5, $17.43 ,south,
1022,Emilee,5/11/2006,lipstick,95, $286.93 ,south,
1023,Betsy,9/22/2005,eye liner,56, $169.67 ,south,
1024,Cici,10/25/2005,foundation,79, $238.72 ,south,
1025,Cici,7/29/2005,eye liner,10, $32.24 ,south,
1030,Hallagan,5/24/2005,mascara,89, $268.45 ,south,
1036,Betsy,8/11/2004,foundation,69, $209.15 ,south,
1037,Cristina,10/12/2006,mascara,2, $7.73 ,south,
1047,Cici,2/3/2005,lipstick,58, $176.38 ,south,
1048,Emilee,11/16/2005,lip gloss,19, $59.08 ,south,
1051,Cici,11/16/2005,eye liner,4, $14.29 ,south,
1053,Hallagan,6/15/2005,lip gloss,51, $154.75 ,south,
1054,Emilee,1/15/2004,eye liner,2, $8.34 ,south,
1059,Betsy,3/10/2004,lip gloss,30, $92.61 ,south,
1062,Jen,12/19/2005,eye liner,-5, $(12.64),south,
1069,Colleen,6/2/2006,mascara,60, $181.33 ,south,
1070,Hallagan,7/20/2004,lip gloss,67, $203.02 ,south,
1071,Hallagan,12/10/2004,foundation,87, $263.52 ,south,
1073,Jen,8/9/2005,lip gloss,74, $224.20 ,south,
1079,Emilee,4/12/2004,foundation,21, $64.57 ,south,
1080,Colleen,6/26/2005,foundation,56, $170.17 ,south,
1085,Colleen,4/21/2005,eye liner,30, $91.84 ,south,
1086,Jen,12/19/2005,foundation,81, $245.62 ,south,
1089,Zaret,6/28/2004,lip gloss,92, $277.65 ,south,
1090,Ashley,11/14/2006,foundation,27, $82.12 ,south,
1091,Zaret,8/22/2004,foundation,61, $184.45 ,south,
1092,Colleen,7/27/2006,mascara,7, $23.20 ,south,
1094,Ashley,8/22/2004,lip gloss,84, $254.21 ,south,
1104,Colleen,10/5/2004,lip gloss,81, $245.37 ,south,
1106,Betsy,1/1/2005,mascara,81, $245.47 ,south,
1113,Zaret,10/5/2004,lip gloss,82, $248.21 ,south,
1120,Betsy,2/17/2004,eye liner,6, $19.84 ,south,
1122,Colleen,2/1/2006,lip gloss,55, $166.81 ,south,
1126,Ashley,11/29/2004,foundation,78, $235.68 ,south,
1127,Zaret,9/20/2006,foundation,6, $20.39 ,south,
1129,Hallagan,4/10/2005,eye liner,35, $106.53 ,south,
1131,Jen,6/17/2004,mascara,79, $238.32 ,south,
1142,Colleen,6/26/2005,foundation,95, $286.66 ,south,
1150,Zaret,6/6/2004,foundation,69, $209.15 ,south,
1151,Colleen,7/5/2006,mascara,91, $274.80 ,south,
1152,Hallagan,2/3/2005,eye liner,11, $34.52 ,south,
1154,Jen,12/21/2004,mascara,52, $158.21 ,south,
1155,Betsy,3/6/2006,lipstick,-10, $(28.64),south,
1156,Zaret,11/25/2006,mascara,33, $100.51 ,south,
1160,Hallagan,11/18/2004,lip gloss,88, $265.86 ,south,
1163,Emilee,9/24/2004,mascara,46, $140.48 ,south,
1166,Jen,3/17/2006,lip gloss,85, $256.23 ,south,
1169,Cici,11/25/2006,lip gloss,71, $214.72 ,south,
1172,Zaret,9/22/2005,lipstick,68, $206.21 ,south,
1186,Cristina,3/21/2004,lipstick,26, $80.37 ,south,
1190,Emilee,6/17/2004,lip gloss,61, $184.47 ,south,
1194,Colleen,9/20/2006,eye liner,57, $172.52 ,south,
1199,Betsy,3/28/2006,lip gloss,78, $235.95 ,south,
1201,Ashley,12/17/2006,eye liner,66, $199.89 ,south,
1203,Betsy,3/17/2006,mascara,35, $107.42 ,south,
1213,Cici,10/25/2005,lip gloss,81, $244.70 ,south,
1215,Ashley,7/31/2004,foundation,30, $91.74 ,south,
1219,Betsy,8/7/2006,lip gloss,15, $47.23 ,south,
1221,Emilee,10/12/2006,eye liner,12, $38.14 ,south,
1227,Ashley,2/25/2005,lip gloss,53, $161.17 ,south,
1230,Cici,1/23/2005,mascara,23, $70.87 ,south,
1231,Betsy,3/6/2006,foundation,68, $205.91 ,south,
1233,Ashley,7/18/2005,eye liner,40, $121.96 ,south,
1236,Colleen,4/8/2006,mascara,30, $92.28 ,south,
1243,Zaret,5/13/2005,eye liner,6, $19.96 ,south,
1245,Ashley,11/16/2005,mascara,-10, $(27.09),south,
1248,Emilee,4/10/2005,foundation,55, $167.33 ,south,
1251,Colleen,11/16/2005,mascara,26, $79.64 ,south,
1254,Colleen,11/18/2004,foundation,19, $58.77 ,south,
1259,Zaret,2/28/2004,mascara,21, $64.70 ,south,
1264,Jen,12/17/2006,lip gloss,14, $44.42 ,south,
1266,Cristina,2/17/2004,eye liner,64, $193.37 ,south,
1275,Colleen,3/10/2004,mascara,57, $173.48 ,south,
1276,Cici,9/24/2004,foundation,-8, $(21.83),south,
1278,Zaret,10/27/2004,eye liner,92, $278.05 ,south,
1295,Betsy,4/21/2005,mascara,35, $106.51 ,south,
1297,Cristina,1/26/2004,eye liner,26, $80.05 ,south,
1310,Betsy,4/23/2004,foundation,72, $218.16 ,south,
1311,Colleen,8/22/2004,lip gloss,63, $191.08 ,south,
1317,Colleen,6/17/2004,lipstick,39, $118.94 ,south,
1321,Cici,11/27/2005,foundation,82, $248.26 ,south,
1323,Ashley,12/17/2006,lipstick,22, $68.23 ,south,
1325,Zaret,2/25/2005,eye liner,34, $103.85 ,south,
1328,Jen,6/26/2005,eye liner,78, $236.00 ,south,
1329,Cici,5/13/2005,lip gloss,9, $28.85 ,south,
1336,Hallagan,7/5/2006,lip gloss,9, $29.50 ,south,
1341,Betsy,12/30/2005,lip gloss,77, $232.89 ,south,
1344,Hallagan,11/7/2004,mascara,56, $170.51 ,south,
1351,Ashley,2/17/2004,foundation,18, $55.93 ,south,
1352,Cristina,2/17/2004,lip gloss,40, $121.10 ,south,
1353,Hallagan,2/17/2004,mascara,75, $227.07 ,south,
1357,Hallagan,11/18/2004,eye liner,47, $142.59 ,south,
1358,Ashley,10/16/2004,mascara,74, $225.02 ,south,
1361,Ashley,6/28/2004,foundation,75, $227.33 ,south,
1363,Ashley,12/19/2005,lip gloss,79, $238.21 ,south,
1366,Jen,6/28/2004,mascara,80, $242.06 ,south,
1373,Jen,10/23/2006,mascara,32, $97.34 ,south,
1377,Hallagan,8/22/2004,mascara,79, $239.26 ,south,
1378,Hallagan,1/4/2004,eye liner,9, $29.37 ,south,
1384,Zaret,12/8/2005,eye liner,74, $224.07 ,south,
1386,Colleen,11/3/2006,foundation,28, $86.47 ,south,
1388,Cristina,3/30/2005,foundation,52, $157.69 ,south,
1389,Zaret,6/28/2004,lipstick,33, $101.09 ,south,
1391,Cristina,4/1/2004,lip gloss,12, $38.24 ,south,
1392,Zaret,2/28/2004,eye liner,1, $4.50 ,south,
1393,Betsy,1/26/2004,mascara,56, $169.76 ,south,
1394,Cristina,6/26/2005,foundation,34, $104.48 ,south,
1396,Colleen,3/19/2005,eye liner,-4, $(10.16),south,
1397,Cristina,2/3/2005,foundation,9, $29.70 ,south,
1399,Cici,5/15/2004,lip gloss,13, $40.95 ,south,
1400,Zaret,4/23/2004,lip gloss,9, $28.68 ,south,
1403,Jen,6/2/2006,lipstick,64, $194.83 ,south,
1416,Emilee,10/5/2004,mascara,21, $65.22 ,south,
1422,Betsy,8/31/2005,lipstick,52, $157.42 ,south,
1424,Cristina,3/21/2004,eye liner,82, $248.17 ,south,
1437,Cici,5/15/2004,eye liner,-10, $(27.96),south,
1440,Ashley,6/26/2005,lipstick,0, $2.13 ,south,
1444,Cici,12/30/2005,foundation,53, $161.65 ,south,
1445,Ashley,10/23/2006,lipstick,67, $203.57 ,south,
1461,Zaret,5/13/2005,lip gloss,73, $222.09 ,south,
1463,Cici,12/10/2004,eye liner,72, $217.08 ,south,
1466,Zaret,8/31/2005,foundation,56, $170.86 ,south,
1478,Betsy,6/15/2005,foundation,43, $130.97 ,south,
1479,Cici,5/22/2006,mascara,63, $190.69 ,south,
1485,Betsy,1/23/2005,eye liner,45, $137.55 ,south,
1487,Ashley,4/1/2004,mascara,48, $146.17 ,south,
1489,Betsy,1/21/2006,lip gloss,49, $149.11 ,south,
1491,Ashley,7/18/2005,foundation,93, $281.34 ,south,
1496,Zaret,9/11/2005,eye liner,89, $269.12 ,south,
1504,Betsy,7/20/2004,mascara,93, $280.86 ,south,
1506,Colleen,7/29/2005,lip gloss,23, $70.34 ,south,
1508,Jen,2/23/2006,eye liner,39, $118.96 ,south,
1510,Emilee,8/29/2006,foundation,65, $197.81 ,south,
1513,Cristina,12/17/2006,eye liner,-4, $(10.35),south,
1514,Ashley,10/27/2004,mascara,22, $67.75 ,south,
1515,Hallagan,3/30/2005,mascara,-3, $(6.89),south,
1516,Colleen,7/31/2004,mascara,58, $176.20 ,south,
1517,Cristina,8/22/2004,eye liner,65, $196.64 ,south,
1519,Emilee,10/23/2006,lipstick,18, $56.30 ,south,
1521,Cristina,1/12/2005,eye liner,69, $209.57 ,south,
1523,Ashley,1/21/2006,lipstick,23, $71.15 ,south,
1530,Jen,5/22/2006,eye liner,62, $187.54 ,south,
1531,Hallagan,1/4/2004,lipstick,80, $242.16 ,south,
1535,Cici,7/20/2004,lip gloss,45, $136.92 ,south,
1539,Cici,7/29/2005,mascara,33, $100.97 ,south,
1540,Hallagan,8/31/2005,lipstick,37, $113.04 ,south,
1542,Betsy,2/6/2004,foundation,71, $215.35 ,south,
1552,Ashley,1/26/2004,eye liner,72, $218.33 ,south,
1554,Colleen,3/21/2004,foundation,31, $94.66 ,south,
1555,Cici,1/4/2004,lip gloss,48, $145.91 ,south,
1557,Zaret,2/23/2006,eye liner,54, $163.90 ,south,
1559,Cristina,10/27/2004,lip gloss,40, $122.05 ,south,
1561,Emilee,2/28/2004,lip gloss,-8, $(21.48),south,
1566,Cici,10/23/2006,foundation,3, $10.70 ,south,
1568,Hallagan,5/13/2005,eye liner,58, $175.98 ,south,
1571,Cristina,9/11/2005,mascara,3, $10.58 ,south,
1574,Zaret,2/12/2006,foundation,-8, $(21.45),south,
1577,Colleen,5/13/2005,lip gloss,-7, $(18.81),south,
1581,Cristina,10/14/2005,foundation,72, $218.17 ,south,
1583,Colleen,7/16/2006,lip gloss,18, $55.78 ,south,
1592,Hallagan,6/13/2006,mascara,-3, $(7.01),south,
1593,Cici,1/10/2006,foundation,40, $122.05 ,south,
1597,Cici,12/28/2006,eye liner,14, $44.43 ,south,
1598,Emilee,4/21/2005,mascara,85, $256.68 ,south,
1601,Jen,1/26/2004,lip gloss,32, $98.41 ,south,
1602,Hallagan,1/23/2005,lip gloss,79, $239.26 ,south,
1613,Zaret,11/25/2006,eye liner,39, $119.06 ,south,
1618,Hallagan,12/8/2005,foundation,-3, $(6.44),south,
1631,Cristina,8/9/2005,eye liner,-4, $(10.01),south,
1632,Cici,1/21/2006,foundation,27, $82.26 ,south,
1634,Ashley,3/19/2005,mascara,57, $173.30 ,south,
1637,Cristina,10/5/2004,lip gloss,55, $166.93 ,south,
1644,Cristina,10/25/2005,mascara,1, $4.71 ,south,
1654,Betsy,2/28/2004,lipstick,92, $277.27 ,south,
1663,Cici,5/2/2005,lip gloss,50, $152.11 ,south,
1668,Cici,9/24/2004,eye liner,61, $185.17 ,south,
1671,Colleen,7/27/2006,eye liner,-1, $(0.60),south,
1677,Ashley,5/15/2004,lip gloss,-1, $(0.73),south,
1680,Cristina,10/16/2004,eye liner,21, $65.91 ,south,
1682,Cici,3/30/2005,foundation,-7, $(18.64),south,
1683,Betsy,3/10/2004,foundation,35, $106.65 ,south,
1685,Ashley,11/5/2005,eye liner,88, $265.96 ,south,
1686,Ashley,3/10/2004,lipstick,26, $79.80 ,south,
1687,Cici,7/9/2004,foundation,83, $250.99 ,south,
1695,Colleen,7/18/2005,foundation,95, $286.98 ,south,
1700,Hallagan,10/27/2004,lip gloss,45, $136.31 ,south,
1701,Cristina,10/12/2006,lipstick,62, $187.97 ,south,
1703,Hallagan,5/26/2004,lipstick,73, $221.24 ,south,
1704,Cici,7/18/2005,lipstick,38, $116.54 ,south,
1706,Jen,10/16/2004,eye liner,70, $211.81 ,south,
1712,Jen,2/3/2005,eye liner,-1, $(0.65),south,
1716,Jen,4/19/2006,mascara,51, $155.00 ,south,
1722,Cici,7/29/2005,lipstick,79, $239.25 ,south,
1723,Zaret,5/15/2004,foundation,-7, $(19.16),south,
1728,Colleen,7/9/2004,mascara,-7, $(19.35),south,
1733,Betsy,1/10/2006,lipstick,-5, $(12.77),south,
1736,Cici,11/7/2004,lip gloss,3, $10.89 ,south,
1740,Jen,10/5/2004,mascara,29, $89.26 ,south,
1744,Cici,11/18/2004,mascara,78, $235.89 ,south,
1752,Colleen,6/13/2006,lipstick,20, $62.60 ,south,
1755,Cici,12/6/2006,lip gloss,40, $122.40 ,south,
1756,Emilee,7/20/2004,foundation,13, $40.44 ,south,
1757,Ashley,8/29/2006,lip gloss,20, $62.16 ,south,
1761,Zaret,11/7/2004,lip gloss,77, $232.78 ,south,
1763,Ashley,8/20/2005,eye liner,-1, $(0.69),south,
1766,Cici,6/24/2006,foundation,69, $209.27 ,south,
1770,Ashley,11/14/2006,foundation,-4, $(9.80),south,
1776,Cristina,12/21/2004,lip gloss,7, $23.10 ,south,
1780,Emilee,5/4/2004,foundation,16, $50.32 ,south,
1791,Colleen,3/30/2005,eye liner,82, $248.23 ,south,
1794,Emilee,12/30/2005,mascara,29, $89.02 ,south,
1797,Ashley,9/9/2006,lip gloss,-2, $(3.64),south,
1800,Hallagan,5/13/2005,foundation,46, $140.22 ,south,
1803,Cici,12/6/2006,lipstick,87, $263.72 ,south,
1805,Cristina,12/21/2004,foundation,31, $94.57 ,south,
1808,Cristina,7/31/2004,lip gloss,-1, $(0.44),south,
1809,Zaret,3/10/2004,lipstick,5, $17.47 ,south,
1810,Cristina,5/22/2006,lipstick,30, $92.31 ,south,
1812,Cici,5/11/2006,mascara,14, $43.80 ,south,
1815,Betsy,4/19/2006,mascara,25, $77.10 ,south,
1816,Betsy,3/19/2005,lipstick,11, $35.30 ,south,
1823,Cici,6/26/2005,lip gloss,12, $37.63 ,south,
1827,Ashley,9/13/2004,mascara,19, $59.10 ,south,
1830,Cici,8/18/2006,lip gloss,-8, $(22.14),south,
1831,Cici,3/30/2005,lip gloss,28, $85.91 ,south,
1835,Zaret,5/24/2005,foundation,70, $212.31 ,south,
1840,Ashley,6/26/2005,foundation,31, $93.98 ,south,
1841,Emilee,3/17/2006,mascara,36, $110.03 ,south,
1844,Cristina,5/4/2004,foundation,46, $140.39 ,south,
1845,Cristina,7/20/2004,foundation,29, $89.58 ,south,
1847,Emilee,9/13/2004,mascara,2, $7.32 ,south,
1850,Jen,5/15/2004,mascara,52, $157.88 ,south,
1852,Ashley,9/24/2004,lipstick,36, $110.52 ,south,
1856,Hallagan,2/1/2006,mascara,53, $160.63 ,south,
1858,Ashley,7/7/2005,foundation,95, $286.83 ,south,
1859,Colleen,8/22/2004,lipstick,-6, $(16.59),south,
1862,Hallagan,12/8/2005,lip gloss,18, $55.52 ,south,
1865,Colleen,7/5/2006,foundation,-2, $(3.59),south,
1866,Cristina,10/1/2006,foundation,-7, $(18.94),south,
1868,Hallagan,4/10/2005,eye liner,24, $73.59 ,south,
1872,Colleen,5/15/2004,foundation,2, $7.99 ,south,
1873,Cici,11/18/2004,foundation,83, $250.88 ,south,
1874,Colleen,1/1/2005,lip gloss,63, $191.15 ,south,
1878,Betsy,5/26/2004,lip gloss,60, $182.28 ,south,
1880,Emilee,12/17/2006,lip gloss,59, $178.65 ,south,
1886,Cristina,8/9/2005,mascara,89, $269.15 ,south,
1899,Hallagan,11/3/2006,eye liner,28, $85.66 ,south,
,,,,21083," $64,296.35 ",south Total,
4,Hallagan,5/22/2006,lip gloss,55, $167.08 ,west,
12,Ashley,11/18/2004,lip gloss,23, $71.03 ,west,
13,Emilee,8/31/2005,lip gloss,49, $149.59 ,west,
21,Zaret,6/2/2006,mascara,12, $38.08 ,west,
26,Emilee,12/6/2006,lip gloss,24, $74.62 ,west,
33,Cici,6/17/2004,mascara,41, $125.27 ,west,
34,Zaret,9/9/2006,mascara,19, $59.15 ,west,
39,Cici,2/23/2006,foundation,-9, $(24.63),west,
43,Betsy,4/1/2004,foundation,86, $259.86 ,west,
47,Zaret,9/24/2004,eye liner,14, $43.93 ,west,
49,Betsy,11/18/2004,foundation,63, $190.70 ,west,
50,Zaret,11/18/2004,lip gloss,1, $5.60 ,west,
54,Cristina,4/10/2005,lip gloss,26, $80.20 ,west,
55,Jen,5/22/2006,lip gloss,35, $107.99 ,west,
68,Zaret,7/16/2006,lip gloss,0, $2.37 ,west,
71,Ashley,11/16/2005,lipstick,93, $280.77 ,west,
74,Ashley,4/12/2004,mascara,48, $145.84 ,west,
76,Colleen,3/6/2006,foundation,-2, $(3.94),west,
80,Jen,3/30/2005,mascara,16, $49.46 ,west,
83,Cici,11/7/2004,foundation,82, $248.10 ,west,
84,Ashley,10/1/2006,eye liner,73, $221.48 ,west,
93,Zaret,4/12/2004,foundation,62, $188.06 ,west,
96,Jen,12/17/2006,lip gloss,33, $100.69 ,west,
100,Betsy,10/3/2005,eye liner,74, $224.23 ,west,
101,Zaret,1/15/2004,foundation,67, $202.45 ,west,
103,Hallagan,5/13/2005,foundation,90, $272.34 ,west,
104,Jen,3/17/2006,lipstick,-8, $(22.11),west,
111,Cici,10/5/2004,mascara,81, $244.46 ,west,
113,Emilee,12/6/2006,mascara,26, $80.49 ,west,
122,Jen,7/27/2006,mascara,10, $32.30 ,west,
124,Ashley,1/10/2006,eye liner,57, $173.36 ,west,
126,Zaret,4/23/2004,eye liner,54, $163.75 ,west,
129,Zaret,2/12/2006,mascara,-10, $(28.89),west,
130,Ashley,11/14/2006,foundation,-9, $(25.06),west,
135,Cristina,2/14/2005,eye liner,67, $202.87 ,west,
136,Colleen,3/30/2005,lip gloss,10, $31.43 ,west,
137,Emilee,10/27/2004,foundation,40, $121.95 ,west,
138,Colleen,7/7/2005,mascara,77, $233.08 ,west,
142,Betsy,2/1/2006,lip gloss,-4, $(9.50),west,
146,Emilee,7/7/2005,eye liner,59, $179.12 ,west,
151,Emilee,7/7/2005,lip gloss,-8, $(22.38),west,
153,Cici,10/16/2004,lipstick,63, $191.68 ,west,
156,Emilee,12/30/2005,foundation,81, $244.97 ,west,
167,Betsy,3/21/2004,lip gloss,21, $64.33 ,west,
171,Betsy,10/14/2005,foundation,93, $280.17 ,west,
177,Cici,7/20/2004,mascara,54, $164.30 ,west,
183,Hallagan,11/29/2004,foundation,17, $52.47 ,west,
188,Jen,5/4/2004,mascara,79, $239.34 ,west,
189,Colleen,6/15/2005,foundation,82, $247.46 ,west,
192,Cristina,10/3/2005,foundation,72, $217.59 ,west,
194,Emilee,1/21/2006,eye liner,8, $26.14 ,west,
198,Colleen,5/22/2006,mascara,-4, $(10.00),west,
199,Cristina,11/25/2006,mascara,81, $244.68 ,west,
203,Cici,12/28/2006,lip gloss,57, $173.64 ,west,
204,Cici,8/18/2006,lip gloss,86, $259.31 ,west,
205,Jen,4/19/2006,foundation,14, $44.14 ,west,
208,Jen,7/5/2006,eye liner,45, $137.16 ,west,
213,Jen,11/16/2005,lip gloss,19, $59.08 ,west,
214,Zaret,2/12/2006,eye liner,35, $106.64 ,west,
220,Ashley,1/15/2004,mascara,27, $83.20 ,west,
222,Ashley,7/20/2004,mascara,67, $203.35 ,west,
223,Betsy,9/13/2004,foundation,94, $283.74 ,west,
224,Cristina,10/5/2004,eye liner,52, $158.30 ,west,
225,Zaret,2/6/2004,lipstick,24, $74.24 ,west,
229,Cici,4/12/2004,lip gloss,13, $41.01 ,west,
230,Hallagan,11/25/2006,lip gloss,7, $22.33 ,west,
231,Zaret,3/21/2004,lip gloss,64, $193.84 ,west,
238,Ashley,1/1/2005,lip gloss,7, $23.65 ,west,
248,Zaret,8/20/2005,mascara,25, $77.01 ,west,
251,Colleen,5/4/2004,mascara,71, $215.49 ,west,
255,Ashley,4/1/2004,foundation,15, $46.76 ,west,
258,Emilee,1/12/2005,eye liner,77, $233.40 ,west,
264,Colleen,5/13/2005,foundation,28, $86.79 ,west,
275,Hallagan,12/8/2005,eye liner,59, $179.39 ,west,
277,Hallagan,1/12/2005,eye liner,82, $247.58 ,west,
278,Betsy,3/8/2005,eye liner,29, $89.05 ,west,
283,Emilee,5/26/2004,lipstick,75, $227.46 ,west,
284,Emilee,8/22/2004,lip gloss,79, $239.90 ,west,
289,Jen,7/7/2005,lipstick,88, $266.05 ,west,
295,Betsy,7/27/2006,mascara,94, $284.14 ,west,
305,Hallagan,2/14/2005,lipstick,73, $221.17 ,west,
310,Zaret,7/7/2005,lip gloss,83, $251.63 ,west,
321,Hallagan,10/16/2004,lip gloss,9, $28.83 ,west,
329,Emilee,10/14/2005,eye liner,38, $116.14 ,west,
331,Cici,8/11/2004,eye liner,10, $31.74 ,west,
333,Jen,6/17/2004,lip gloss,68, $206.38 ,west,
335,Jen,6/4/2005,foundation,17, $52.58 ,west,
336,Cristina,11/29/2004,foundation,6, $19.23 ,west,
337,Cristina,5/11/2006,foundation,27, $83.79 ,west,
339,Colleen,8/11/2004,mascara,-1, $(0.93),west,
346,Colleen,11/18/2004,lip gloss,95, $286.86 ,west,
348,Hallagan,4/19/2006,mascara,69, $208.61 ,west,
350,Zaret,2/12/2006,lipstick,-4, $(9.50),west,
351,Colleen,6/26/2005,lipstick,21, $64.85 ,west,
359,Betsy,12/17/2006,lipstick,44, $133.91 ,west,
365,Jen,5/22/2006,lip gloss,88, $266.35 ,west,
367,Hallagan,8/9/2005,foundation,-8, $(21.83),west,
370,Cristina,9/11/2005,lip gloss,2, $7.75 ,west,
372,Ashley,10/3/2005,mascara,34, $103.89 ,west,
376,Cici,3/21/2004,lip gloss,7, $22.55 ,west,
377,Hallagan,2/6/2004,lip gloss,7, $22.94 ,west,
379,Zaret,7/31/2004,foundation,6, $19.56 ,west,
380,Cristina,10/23/2006,lip gloss,43, $130.29 ,west,
381,Cici,1/15/2004,mascara,20, $62.18 ,west,
385,Cici,5/26/2004,foundation,49, $148.93 ,west,
401,Cristina,3/8/2005,eye liner,76, $230.12 ,west,
404,Cristina,5/13/2005,lip gloss,-5, $(12.80),west,
407,Emilee,3/10/2004,lip gloss,78, $235.99 ,west,
413,Hallagan,2/25/2005,foundation,60, $182.61 ,west,
418,Betsy,2/23/2006,foundation,46, $139.69 ,west,
422,Zaret,1/21/2006,eye liner,77, $233.08 ,west,
424,Betsy,8/9/2005,lipstick,45, $137.23 ,west,
427,Zaret,12/17/2006,mascara,43, $130.80 ,west,
428,Colleen,10/5/2004,eye liner,41, $125.19 ,west,
432,Hallagan,7/9/2004,eye liner,43, $131.20 ,west,
435,Jen,2/1/2006,foundation,9, $28.80 ,west,
438,Cristina,10/23/2006,foundation,15, $46.30 ,west,
439,Cici,10/23/2006,eye liner,27, $83.41 ,west,
443,Ashley,2/17/2004,mascara,0, $2.37 ,west,
453,Betsy,10/3/2005,lipstick,2, $7.10 ,west,
455,Ashley,8/31/2005,lip gloss,13, $41.17 ,west,
456,Cici,10/1/2006,mascara,94, $283.45 ,west,
458,Zaret,6/13/2006,foundation,45, $136.98 ,west,
461,Ashley,1/26/2004,mascara,48, $145.65 ,west,
463,Colleen,4/21/2005,lip gloss,48, $145.69 ,west,
482,Jen,3/10/2004,lip gloss,4, $14.10 ,west,
485,Zaret,11/7/2004,foundation,21, $65.28 ,west,
486,Jen,3/30/2005,mascara,44, $134.31 ,west,
487,Betsy,1/23/2005,eye liner,75, $227.10 ,west,
494,Ashley,3/6/2006,mascara,21, $65.07 ,west,
499,Zaret,5/11/2006,foundation,11, $34.58 ,west,
503,Ashley,7/7/2005,eye liner,81, $245.19 ,west,
506,Jen,9/22/2005,lipstick,75, $226.29 ,west,
507,Zaret,7/18/2005,mascara,87, $262.50 ,west,
508,Cici,7/16/2006,foundation,15, $47.14 ,west,
511,Jen,4/8/2006,eye liner,56, $169.25 ,west,
520,Betsy,5/15/2004,foundation,10, $32.19 ,west,
522,Cici,5/11/2006,foundation,75, $226.71 ,west,
523,Emilee,3/19/2005,eye liner,77, $232.50 ,west,
524,Emilee,3/21/2004,eye liner,10, $31.82 ,west,
525,Cristina,10/5/2004,foundation,62, $188.38 ,west,
530,Hallagan,8/22/2004,mascara,57, $172.36 ,west,
532,Jen,10/14/2005,eye liner,89, $267.86 ,west,
537,Emilee,10/1/2006,lipstick,17, $52.25 ,west,
561,Zaret,4/1/2004,mascara,55, $166.99 ,west,
563,Ashley,7/20/2004,mascara,62, $187.63 ,west,
565,Hallagan,11/7/2004,lipstick,12, $38.44 ,west,
566,Emilee,8/22/2004,mascara,0, $1.60 ,west,
567,Cici,8/18/2006,eye liner,23, $71.40 ,west,
569,Jen,6/4/2005,lip gloss,73, $221.78 ,west,
575,Colleen,1/1/2005,mascara,84, $253.79 ,west,
576,Jen,4/30/2006,lipstick,92, $277.81 ,west,
582,Cristina,11/5/2005,mascara,64, $194.44 ,west,
590,Hallagan,2/1/2006,lip gloss,33, $101.31 ,west,
591,Ashley,1/15/2004,lipstick,-10, $(28.46),west,
600,Emilee,6/17/2004,eye liner,64, $194.18 ,west,
602,Cici,6/2/2006,lipstick,65, $197.49 ,west,
612,Hallagan,8/31/2005,mascara,2, $7.78 ,west,
619,Colleen,5/22/2006,lip gloss,38, $115.86 ,west,
622,Ashley,6/17/2004,eye liner,8, $25.90 ,west,
623,Colleen,4/1/2004,mascara,-8, $(22.23),west,
625,Jen,1/21/2006,eye liner,83, $250.67 ,west,
626,Zaret,6/2/2006,foundation,12, $38.98 ,west,
628,Betsy,2/12/2006,eye liner,22, $68.13 ,west,
629,Cristina,11/3/2006,mascara,-2, $(3.83),west,
631,Jen,6/24/2006,eye liner,40, $122.55 ,west,
647,Ashley,3/21/2004,eye liner,20, $61.93 ,west,
654,Jen,12/21/2004,eye liner,65, $196.86 ,west,
655,Jen,7/7/2005,lip gloss,6, $19.49 ,west,
662,Emilee,11/3/2006,lipstick,25, $78.07 ,west,
664,Betsy,6/15/2005,lip gloss,38, $116.79 ,west,
666,Jen,6/13/2006,eye liner,59, $178.63 ,west,
667,Cici,2/12/2006,foundation,73, $220.45 ,west,
669,Cristina,7/5/2006,mascara,51, $154.78 ,west,
681,Betsy,9/13/2004,lipstick,88, $265.64 ,west,
685,Jen,8/7/2006,eye liner,82, $247.94 ,west,
687,Ashley,12/28/2006,lip gloss,27, $82.88 ,west,
691,Betsy,1/10/2006,lip gloss,25, $77.37 ,west,
695,Zaret,3/19/2005,lipstick,0, $1.58 ,west,
698,Jen,9/13/2004,eye liner,46, $139.53 ,west,
705,Ashley,6/15/2005,lip gloss,-1, $(0.90),west,
710,Jen,8/22/2004,mascara,79, $238.75 ,west,
711,Ashley,8/9/2005,lipstick,92, $278.34 ,west,
714,Cristina,2/23/2006,foundation,31, $93.73 ,west,
716,Hallagan,2/25/2005,eye liner,24, $73.28 ,west,
717,Ashley,1/12/2005,lip gloss,50, $152.59 ,west,
718,Jen,2/12/2006,lipstick,32, $98.19 ,west,
726,Cristina,11/7/2004,lipstick,30, $91.80 ,west,
727,Zaret,10/3/2005,foundation,27, $83.56 ,west,
730,Cristina,3/17/2006,lip gloss,-4, $(10.15),west,
731,Betsy,7/20/2004,mascara,-3, $(7.23),west,
735,Betsy,5/2/2005,eye liner,91, $274.96 ,west,
740,Cristina,5/26/2004,eye liner,81, $244.85 ,west,
741,Betsy,4/12/2004,eye liner,63, $191.25 ,west,
744,Jen,4/1/2004,lip gloss,46, $139.62 ,west,
746,Colleen,5/22/2006,foundation,68, $205.86 ,west,
748,Cristina,2/14/2005,eye liner,51, $155.12 ,west,
749,Cici,4/19/2006,foundation,16, $50.20 ,west,
755,Hallagan,7/27/2006,mascara,16, $50.19 ,west,
756,Cici,5/15/2004,lip gloss,11, $35.36 ,west,
765,Jen,5/4/2004,lip gloss,-6, $(15.74),west,
766,Cici,4/1/2004,lip gloss,5, $16.91 ,west,
772,Betsy,2/28/2004,mascara,12, $37.89 ,west,
774,Jen,3/30/2005,eye liner,34, $103.62 ,west,
782,Cristina,11/14/2006,mascara,80, $242.00 ,west,
783,Betsy,11/25/2006,lip gloss,64, $193.89 ,west,
787,Jen,2/3/2005,foundation,36, $110.48 ,west,
789,Jen,5/24/2005,lip gloss,48, $146.23 ,west,
791,Cici,7/20/2004,lipstick,8, $25.45 ,west,
793,Cici,11/5/2005,mascara,93, $280.78 ,west,
798,Cristina,12/28/2006,mascara,72, $217.32 ,west,
810,Jen,10/5/2004,mascara,13, $40.90 ,west,
813,Colleen,6/4/2005,lipstick,36, $109.53 ,west,
821,Zaret,9/20/2006,foundation,83, $250.17 ,west,
822,Cici,10/14/2005,mascara,2, $8.00 ,west,
826,Jen,10/12/2006,foundation,81, $245.04 ,west,
830,Jen,3/28/2006,mascara,41, $125.28 ,west,
835,Ashley,8/31/2005,foundation,2, $8.03 ,west,
838,Cristina,3/6/2006,foundation,54, $163.70 ,west,
840,Zaret,4/30/2006,eye liner,94, $284.54 ,west,
842,Cristina,11/7/2004,mascara,9, $28.83 ,west,
846,Zaret,6/26/2005,foundation,19, $59.00 ,west,
848,Jen,6/6/2004,eye liner,18, $55.86 ,west,
850,Emilee,10/16/2004,foundation,79, $238.83 ,west,
858,Jen,12/6/2006,mascara,28, $86.49 ,west,
859,Cristina,6/4/2005,lip gloss,40, $121.92 ,west,
867,Zaret,3/17/2006,mascara,58, $175.97 ,west,
875,Cici,7/16/2006,lip gloss,45, $137.62 ,west,
876,Jen,3/17/2006,mascara,91, $274.91 ,west,
877,Emilee,1/23/2005,mascara,49, $149.04 ,west,
878,Betsy,9/24/2004,lip gloss,68, $206.16 ,west,
879,Colleen,2/14/2005,lipstick,38, $116.64 ,west,
890,Betsy,2/1/2006,lip gloss,62, $187.81 ,west,
891,Emilee,7/16/2006,mascara,80, $241.86 ,west,
895,Cristina,12/10/2004,lipstick,42, $128.03 ,west,
898,Emilee,8/18/2006,lip gloss,24, $73.41 ,west,
904,Hallagan,8/20/2005,lipstick,31, $94.75 ,west,
910,Emilee,3/19/2005,lip gloss,94, $283.56 ,west,
912,Emilee,7/5/2006,mascara,57, $172.70 ,west,
914,Cici,7/5/2006,lip gloss,50, $151.96 ,west,
918,Emilee,5/22/2006,eye liner,6, $20.10 ,west,
924,Ashley,2/6/2004,mascara,79, $239.45 ,west,
929,Zaret,3/10/2004,foundation,58, $175.22 ,west,
932,Cici,1/21/2006,foundation,59, $179.37 ,west,
937,Ashley,7/29/2005,foundation,83, $250.82 ,west,
939,Hallagan,2/28/2004,lip gloss,14, $44.19 ,west,
940,Colleen,1/1/2005,lipstick,-9, $(24.56),west,
944,Betsy,9/24/2004,lip gloss,-2, $(3.72),west,
949,Cristina,6/6/2004,foundation,13, $41.83 ,west,
951,Colleen,6/17/2004,foundation,15, $47.75 ,west,
961,Cristina,1/10/2006,eye liner,95, $286.72 ,west,
964,Hallagan,9/20/2006,foundation,63, $191.00 ,west,
968,Zaret,4/8/2006,lipstick,5, $16.42 ,west,
977,Cici,2/12/2006,foundation,19, $59.27 ,west,
978,Zaret,5/13/2005,mascara,67, $203.43 ,west,
985,Hallagan,8/29/2006,foundation,72, $218.19 ,west,
986,Betsy,5/2/2005,lipstick,47, $142.54 ,west,
988,Betsy,5/13/2005,lip gloss,58, $175.82 ,west,
992,Jen,11/16/2005,eye liner,34, $104.58 ,west,
993,Zaret,4/1/2004,lip gloss,30, $91.72 ,west,
996,Colleen,9/13/2004,eye liner,4, $13.65 ,west,
997,Emilee,6/6/2004,lip gloss,88, $265.29 ,west,
999,Ashley,10/14/2005,eye liner,82, $248.12 ,west,
1005,Emilee,7/9/2004,mascara,71, $215.02 ,west,
1006,Ashley,3/21/2004,lipstick,70, $211.52 ,west,
1010,Zaret,6/24/2006,eye liner,94, $283.92 ,west,
1012,Ashley,5/13/2005,lip gloss,89, $269.19 ,west,
1026,Hallagan,9/24/2004,lipstick,69, $208.62 ,west,
1028,Cici,2/1/2006,eye liner,0, $1.78 ,west,
1032,Betsy,2/17/2004,mascara,-5, $(13.09),west,
1034,Emilee,9/20/2006,eye liner,9, $29.03 ,west,
1040,Cristina,6/28/2004,eye liner,-7, $(18.43),west,
1041,Colleen,7/5/2006,mascara,24, $74.04 ,west,
1042,Jen,9/9/2006,foundation,35, $106.67 ,west,
1043,Cici,3/21/2004,foundation,23, $71.10 ,west,
1055,Jen,7/7/2005,lipstick,42, $127.68 ,west,
1068,Cici,10/3/2005,foundation,5, $16.49 ,west,
1072,Hallagan,11/18/2004,mascara,53, $161.07 ,west,
1082,Cristina,3/6/2006,foundation,88, $266.15 ,west,
1084,Ashley,9/24/2004,lip gloss,-4, $(9.80),west,
1095,Betsy,4/1/2004,eye liner,66, $199.92 ,west,
1099,Emilee,3/17/2006,lipstick,56, $169.99 ,west,
1103,Cici,3/6/2006,mascara,-2, $(3.69),west,
1105,Emilee,11/5/2005,lipstick,-4, $(10.63),west,
1108,Hallagan,3/8/2005,eye liner,67, $203.39 ,west,
1109,Betsy,2/3/2005,mascara,27, $83.26 ,west,
1115,Cristina,4/12/2004,foundation,11, $35.28 ,west,
1118,Jen,11/3/2006,mascara,78, $236.66 ,west,
1119,Cici,2/6/2004,mascara,-8, $(21.77),west,
1121,Zaret,10/5/2004,foundation,30, $91.75 ,west,
1128,Colleen,7/29/2005,lip gloss,57, $172.67 ,west,
1132,Cici,4/21/2005,lip gloss,89, $269.02 ,west,
1134,Cristina,9/9/2006,mascara,43, $130.66 ,west,
1136,Emilee,1/12/2005,foundation,51, $154.66 ,west,
1137,Betsy,5/22/2006,lip gloss,17, $53.07 ,west,
1138,Hallagan,11/14/2006,mascara,51, $155.24 ,west,
1139,Jen,3/6/2006,eye liner,14, $44.20 ,west,
1141,Cici,11/18/2004,mascara,-8, $(21.98),west,
1157,Betsy,10/5/2004,lipstick,-1, $(1.12),west,
1158,Colleen,8/29/2006,mascara,24, $73.54 ,west,
1161,Betsy,7/29/2005,lip gloss,16, $49.99 ,west,
1165,Hallagan,6/24/2006,lip gloss,83, $251.13 ,west,
1171,Betsy,11/14/2006,foundation,71, $215.03 ,west,
1174,Hallagan,2/1/2006,lipstick,72, $217.81 ,west,
1178,Emilee,12/6/2006,foundation,-8, $(22.30),west,
1187,Ashley,3/10/2004,lip gloss,0, $1.49 ,west,
1193,Colleen,2/14/2005,eye liner,5, $17.38 ,west,
1204,Cristina,6/6/2004,mascara,94, $284.45 ,west,
1207,Cristina,5/26/2004,lip gloss,7, $22.75 ,west,
1209,Colleen,9/13/2004,lip gloss,32, $98.67 ,west,
1210,Hallagan,11/27/2005,lip gloss,8, $25.40 ,west,
1216,Zaret,9/13/2004,lip gloss,-1, $(1.15),west,
1218,Cici,3/17/2006,mascara,78, $235.96 ,west,
1223,Cristina,5/13/2005,eye liner,42, $128.05 ,west,
1225,Jen,4/12/2004,lipstick,93, $280.74 ,west,
1228,Emilee,7/5/2006,eye liner,20, $61.77 ,west,
1234,Colleen,2/23/2006,mascara,22, $67.71 ,west,
1235,Colleen,4/10/2005,lipstick,5, $16.99 ,west,
1237,Colleen,4/1/2004,eye liner,6, $20.24 ,west,
1240,Cristina,5/11/2006,lip gloss,20, $61.84 ,west,
1250,Cici,2/1/2006,eye liner,39, $119.43 ,west,
1260,Colleen,2/6/2004,foundation,-6, $(16.24),west,
1262,Jen,4/23/2004,foundation,14, $44.24 ,west,
1263,Jen,10/1/2006,foundation,73, $220.50 ,west,
1268,Cristina,11/29/2004,foundation,20, $61.94 ,west,
1269,Zaret,12/21/2004,lip gloss,71, $215.33 ,west,
1270,Cristina,10/14/2005,eye liner,66, $199.50 ,west,
1271,Hallagan,10/5/2004,foundation,79, $239.44 ,west,
1273,Betsy,10/3/2005,foundation,72, $217.35 ,west,
1280,Betsy,1/23/2005,lipstick,79, $238.99 ,west,
1281,Jen,1/23/2005,foundation,92, $277.54 ,west,
1286,Hallagan,6/4/2005,lip gloss,33, $100.69 ,west,
1292,Betsy,4/30/2006,lip gloss,72, $217.58 ,west,
1294,Ashley,6/6/2004,eye liner,19, $59.64 ,west,
1296,Hallagan,11/29/2004,foundation,80, $242.63 ,west,
1298,Zaret,7/7/2005,lip gloss,93, $280.93 ,west,
1302,Colleen,8/9/2005,mascara,64, $194.03 ,west,
1304,Jen,10/16/2004,foundation,21, $65.60 ,west,
1305,Hallagan,7/18/2005,eye liner,61, $184.44 ,west,
1306,Zaret,5/4/2004,eye liner,53, $160.80 ,west,
1309,Zaret,11/3/2006,lip gloss,89, $268.72 ,west,
1312,Cristina,12/28/2006,foundation,47, $142.15 ,west,
1318,Jen,2/12/2006,mascara,61, $185.06 ,west,
1319,Jen,9/20/2006,lip gloss,12, $38.28 ,west,
1322,Ashley,12/21/2004,mascara,4, $14.48 ,west,
1339,Jen,11/7/2004,lipstick,13, $40.56 ,west,
1340,Hallagan,9/13/2004,lip gloss,24, $74.73 ,west,
1345,Cristina,4/10/2005,foundation,28, $86.00 ,west,
1355,Ashley,12/21/2004,lipstick,35, $106.74 ,west,
1356,Cici,7/29/2005,foundation,42, $127.74 ,west,
1359,Ashley,5/24/2005,mascara,55, $166.25 ,west,
1360,Zaret,9/22/2005,lip gloss,87, $263.11 ,west,
1362,Emilee,6/13/2006,foundation,91, $274.61 ,west,
1368,Zaret,6/28/2004,lipstick,29, $89.17 ,west,
1369,Hallagan,5/13/2005,foundation,64, $193.52 ,west,
1370,Cristina,3/10/2004,lip gloss,27, $83.67 ,west,
1371,Cici,9/24/2004,lip gloss,36, $109.81 ,west,
1372,Betsy,12/6/2006,mascara,36, $109.46 ,west,
1376,Zaret,1/23/2005,lipstick,55, $167.69 ,west,
1379,Betsy,12/17/2006,foundation,4, $14.28 ,west,
1382,Zaret,10/25/2005,eye liner,14, $44.49 ,west,
1385,Betsy,7/31/2004,lip gloss,47, $143.86 ,west,
1387,Colleen,9/20/2006,eye liner,21, $64.78 ,west,
1398,Hallagan,5/15/2004,eye liner,64, $193.99 ,west,
1401,Emilee,9/20/2006,lip gloss,6, $19.55 ,west,
1405,Jen,10/16/2004,lip gloss,4, $14.36 ,west,
1408,Emilee,12/8/2005,lip gloss,87, $262.88 ,west,
1413,Betsy,8/18/2006,lip gloss,70, $211.75 ,west,
1418,Ashley,2/17/2004,mascara,62, $187.80 ,west,
1421,Hallagan,10/12/2006,eye liner,13, $41.36 ,west,
1423,Cristina,1/21/2006,eye liner,49, $148.11 ,west,
1426,Jen,9/22/2005,mascara,45, $136.86 ,west,
1431,Jen,4/30/2006,foundation,52, $158.63 ,west,
1435,Cici,4/30/2006,eye liner,67, $202.90 ,west,
1436,Zaret,10/14/2005,mascara,7, $23.03 ,west,
1442,Hallagan,1/21/2006,foundation,57, $172.62 ,west,
1443,Cristina,9/24/2004,lip gloss,69, $208.77 ,west,
1447,Colleen,6/17/2004,mascara,43, $131.16 ,west,
1448,Jen,10/23/2006,lip gloss,69, $209.40 ,west,
1450,Zaret,11/5/2005,eye liner,70, $211.70 ,west,
1456,Ashley,9/2/2004,mascara,21, $64.91 ,west,
1459,Cristina,1/21/2006,lipstick,92, $278.13 ,west,
1460,Zaret,10/23/2006,lip gloss,-1, $(0.13),west,
1465,Zaret,12/21/2004,foundation,80, $242.21 ,west,
1468,Betsy,6/2/2006,eye liner,45, $136.77 ,west,
1470,Ashley,10/3/2005,eye liner,51, $155.05 ,west,
1472,Betsy,11/7/2004,eye liner,15, $47.09 ,west,
1474,Emilee,5/11/2006,eye liner,31, $95.05 ,west,
1480,Colleen,7/9/2004,eye liner,29, $89.59 ,west,
1482,Emilee,3/28/2006,eye liner,48, $146.44 ,west,
1486,Jen,5/13/2005,lip gloss,69, $208.61 ,west,
1488,Cristina,1/23/2005,mascara,38, $115.70 ,west,
1490,Colleen,9/2/2004,foundation,79, $239.15 ,west,
1492,Colleen,12/21/2004,foundation,67, $202.44 ,west,
1494,Ashley,10/14/2005,lip gloss,71, $215.36 ,west,
1495,Betsy,10/23/2006,foundation,15, $46.39 ,west,
1501,Cici,1/26/2004,lip gloss,5, $17.19 ,west,
1502,Emilee,1/10/2006,lip gloss,33, $101.71 ,west,
1507,Colleen,11/27/2005,lip gloss,-3, $(7.21),west,
1522,Zaret,4/12/2004,eye liner,51, $155.56 ,west,
1524,Betsy,4/19/2006,lip gloss,38, $115.81 ,west,
1526,Hallagan,10/23/2006,eye liner,20, $61.78 ,west,
1527,Cristina,7/7/2005,lip gloss,25, $76.80 ,west,
1528,Betsy,10/23/2006,eye liner,-6, $(16.11),west,
1532,Cici,3/10/2004,lipstick,66, $199.70 ,west,
1533,Emilee,11/7/2004,foundation,34, $104.45 ,west,
1536,Cristina,12/19/2005,foundation,16, $49.65 ,west,
1537,Jen,8/20/2005,lipstick,45, $136.64 ,west,
1541,Ashley,7/7/2005,eye liner,46, $139.34 ,west,
1543,Zaret,11/29/2004,mascara,59, $179.12 ,west,
1544,Zaret,4/21/2005,lipstick,84, $253.54 ,west,
1545,Zaret,6/24/2006,eye liner,91, $274.23 ,west,
1546,Cristina,3/10/2004,lip gloss,33, $100.23 ,west,
1548,Zaret,10/23/2006,lip gloss,1, $5.32 ,west,
1549,Hallagan,2/28/2004,eye liner,42, $128.73 ,west,
1553,Zaret,7/27/2006,eye liner,-5, $(13.39),west,
1558,Colleen,1/15/2004,mascara,44, $134.19 ,west,
1560,Betsy,8/31/2005,lip gloss,25, $76.90 ,west,
1562,Cristina,5/11/2006,eye liner,59, $178.70 ,west,
1567,Hallagan,8/20/2005,mascara,89, $269.12 ,west,
1569,Cici,1/12/2005,lipstick,52, $158.05 ,west,
1572,Zaret,11/18/2004,eye liner,45, $137.08 ,west,
1576,Hallagan,11/5/2005,foundation,33, $100.89 ,west,
1585,Hallagan,8/20/2005,foundation,56, $170.43 ,west,
1587,Ashley,1/12/2005,lip gloss,95, $286.76 ,west,
1590,Emilee,12/8/2005,mascara,29, $89.12 ,west,
1594,Hallagan,7/16/2006,foundation,86, $260.37 ,west,
1596,Hallagan,2/14/2005,eye liner,13, $41.16 ,west,
1600,Cici,11/14/2006,lipstick,11, $35.43 ,west,
1603,Emilee,6/17/2004,lip gloss,25, $77.05 ,west,
1604,Cristina,11/27/2005,foundation,94, $284.06 ,west,
1606,Zaret,6/15/2005,lipstick,15, $46.57 ,west,
1611,Colleen,4/1/2004,eye liner,12, $38.18 ,west,
1615,Zaret,2/3/2005,mascara,25, $77.54 ,west,
1622,Emilee,9/22/2005,eye liner,88, $266.15 ,west,
1623,Emilee,4/12/2004,eye liner,35, $106.70 ,west,
1625,Hallagan,7/29/2005,eye liner,95, $287.15 ,west,
1635,Hallagan,10/5/2004,lip gloss,78, $235.61 ,west,
1645,Cristina,2/3/2005,eye liner,23, $70.74 ,west,
1647,Cristina,12/21/2004,mascara,86, $259.96 ,west,
1649,Ashley,4/19/2006,mascara,54, $163.69 ,west,
1652,Zaret,10/12/2006,lipstick,84, $254.58 ,west,
1655,Betsy,1/15/2004,lip gloss,25, $77.55 ,west,
1657,Cici,4/12/2004,lipstick,75, $226.86 ,west,
1659,Cristina,12/19/2005,lip gloss,48, $145.81 ,west,
1660,Colleen,5/15/2004,foundation,73, $221.17 ,west,
1662,Ashley,11/27/2005,eye liner,12, $38.54 ,west,
1672,Hallagan,6/4/2005,lip gloss,28, $85.36 ,west,
1681,Jen,6/24/2006,mascara,23, $71.52 ,west,
1688,Emilee,6/2/2006,mascara,11, $34.68 ,west,
1696,Hallagan,6/6/2004,lip gloss,48, $145.48 ,west,
1705,Hallagan,12/19/2005,eye liner,0, $1.71 ,west,
1708,Cici,4/30/2006,eye liner,65, $196.95 ,west,
1711,Colleen,3/28/2006,lip gloss,72, $217.89 ,west,
1713,Emilee,12/8/2005,lip gloss,40, $122.14 ,west,
1721,Ashley,8/20/2005,foundation,67, $202.72 ,west,
1725,Colleen,7/29/2005,eye liner,53, $160.77 ,west,
1732,Cristina,11/25/2006,mascara,6, $19.97 ,west,
1741,Ashley,2/17/2004,mascara,43, $130.30 ,west,
1746,Emilee,6/4/2005,mascara,-3, $(6.35),west,
1747,Hallagan,4/23/2004,foundation,34, $103.90 ,west,
1749,Cristina,11/16/2005,foundation,70, $212.03 ,west,
1753,Jen,5/15/2004,mascara,33, $101.42 ,west,
1758,Emilee,2/28/2004,eye liner,22, $68.78 ,west,
1771,Betsy,8/18/2006,lip gloss,14, $44.07 ,west,
1775,Betsy,1/1/2005,foundation,91, $274.02 ,west,
1782,Cici,10/1/2006,lip gloss,38, $115.87 ,west,
1785,Emilee,11/14/2006,eye liner,9, $28.95 ,west,
1789,Cristina,12/8/2005,lip gloss,83, $250.85 ,west,
1793,Cici,1/4/2004,lip gloss,66, $200.13 ,west,
1801,Emilee,12/28/2006,foundation,93, $281.79 ,west,
1811,Hallagan,4/19/2006,eye liner,65, $197.18 ,west,
1813,Cici,11/27/2005,foundation,10, $31.26 ,west,
1817,Betsy,1/15/2004,foundation,62, $187.51 ,west,
1818,Ashley,1/26/2004,foundation,4, $14.19 ,west,
1822,Emilee,4/21/2005,lip gloss,19, $59.45 ,west,
1832,Zaret,9/22/2005,mascara,81, $245.21 ,west,
1839,Cristina,7/7/2005,mascara,85, $257.82 ,west,
1843,Colleen,7/29/2005,mascara,27, $82.46 ,west,
1848,Betsy,6/24/2006,foundation,60, $182.39 ,west,
1864,Emilee,12/10/2004,eye liner,62, $188.43 ,west,
1870,Hallagan,11/25/2006,mascara,49, $149.40 ,west,
1876,Colleen,9/13/2004,lip gloss,19, $59.72 ,west,
1884,Hallagan,5/22/2006,lip gloss,89, $269.40 ,west,
1885,Ashley,5/11/2006,lip gloss,12, $37.84 ,west,
1888,Colleen,7/18/2005,eye liner,24, $73.81 ,west,
1889,Emilee,11/25/2006,eye liner,76, $229.92 ,west,
1892,Cici,2/23/2006,mascara,92, $278.43 ,west,
1897,Colleen,11/5/2005,lip gloss,46, $140.41 ,west,
1898,Zaret,1/15/2004,lipstick,72, $217.84 ,west,
